Election Day Marking Method,dre_wo_vvpat_total,dre_w_vvpat_total,bmd_total,hand_fed_total,batch_fed_total
Ballot Marking Devices for all voters,1.1923559947497076e-05,3.6061498377796035e-05,0.0026721861116482167,0.0004823043646445654,8.742732217600753e-06
DREs with VVPAT for all voters,0.0,0.002703938413390664,2.0339521419586544e-05,8.038373734686899e-06,6.820438320340398e-06
DREs without VVPAT for all voters,0.0031368962560731637,0.0,0.0,1.633119666843588e-06,0.0
Hand marked paper ballots and BMDs,1.3075743748504962e-06,1.933284811895519e-06,0.0004931400436782786,0.0005195642767504107,1.1968717590656077e-05
Hand marked paper ballots and DREs with VVPAT,0.0,0.0010783961308453971,0.000555537400738538,0.0,0.0
Hand marked paper ballots and DREs without VVPAT,0.0005803469645781085,0.0,0.0,0.0006010736418844696,0.00016581341845088815
"Hand marked paper ballots, BMDs and DREs with VVPAT",0.0,0.0002372855838370879,0.00045002438313930467,0.00046966181076720155,1.8000975325572185e-05
"Hand marked paper ballots, BMDs and DREs without VVPAT",0.00022971558005855077,0.0,0.0016707801782165524,0.0002457422484347287,5.34222279205932e-06
Hand marked paper ballots; Direct recording assistive interface without VVPAT for accessibility,0.0,0.0,0.0,0.000846364216687256,1.6378601193754347e-06
