,Registered Voters,Years in Use
0,41817.0,8.104370970041943
1,181019.0,8.995600231731766
2,15697.0,8.104370970041943
3,14304.0,5.026092742510485
4,41217.0,8.104370970041941
5,6378.0,8.104370970041943
6,13239.0,8.104370970041943
7,76248.0,8.104370970041943
8,23993.0,6.000000000000001
9,19253.0,8.104370970041943
10,29744.0,8.104370970041943
11,9626.0,5.026092742510485
12,17266.0,8.104370970041943
13,10013.0,5.026092742510486
14,10868.0,8.104370970041945
15,34866.0,8.104370970041945
16,41966.0,8.104370970041943
17,8890.0,8.104370970041943
18,7769.0,8.104370970041943
19,26682.0,8.104370970041943
20,10016.0,8.104370970041941
21,62255.0,8.104370970041943
22,31939.0,8.104370970041943
23,26589.0,8.104370970041943
24,44267.0,5.026092742510486
25,59630.0,8.104370970041943
26,25243.0,8.104370970041943
27,71593.0,8.104370970041943
28,12201.0,8.104370970041943
29,18875.0,8.104370970041943
30,18717.0,8.104370970041943
31,6078.0,8.104370970041943
32,11349.0,8.104370970041943
33,13558.0,8.104370970041943
34,72803.0,8.104370970041943
35,37446.0,8.104370970041941
36,456566.0,7.037468489204197
37,10262.0,5.026092742510486
38,63972.0,8.104370970041945
39,24559.0,8.104370970041943
40,112126.0,8.104370970041943
41,76274.0,8.104370970041943
42,8817.0,8.104370970041943
43,13039.0,8.104370970041943
44,289328.0,9.042322326084097
45,14200.0,8.104370970041943
46,20913.0,8.104370970041943
47,62938.0,8.104370970041943
48,279250.0,6.023361047176165
49,14863.0,8.104370970041943
50,147798.0,7.95327790564767
51,82657.0,9.078278227531458
52,6941.0,8.104370970041943
53,12814.0,5.026092742510486
54,21081.0,8.104370970041943
55,16925.0,5.026092742510486
56,36546.0,8.104370970041943
57,68344.0,8.104370970041943
58,163963.0,8.149873956816787
59,8222.0,5.026092742510484
60,55291.0,10.052185485020972
61,29617.0,8.104370970041943
62,132901.0,8.103151862464456
63,45277.0,5.026092742510486
64,12683.0,8.104370970041945
65,8222.0,8.104370970041943
66,16803.0,8.104370970041943
67,565242.0,6.0
68,53735.0,9.927269765822022
69,82242.0,9.881357500907548
70,90681.0,5.999999999999999
71,34653.0,10.0
72,20714.0,10.000000000000002
73,4720.0,9.653977107087059
74,12351.0,8.0
75,2587196.0,6.0
76,147549.0,10.000000000000002
77,69315.0,6.908775441896846
78,662357.0,6.094781310548565
79,282639.0,3.952609344725718
80,31758.0,5.898776387102655
81,175210.0,4.18956262109713
82,111666.0,8.0
83,6396.0,9.999999999999998
84,7857.0,8.0
85,23560.0,6.0
86,147536.0,7.994472280959824
87,19476.0,10.0
88,3667.0,6.0
89,2343.0,8.0
90,13365.0,8.0
91,4383.0,9.999999999999998
92,8986.0,8.0
93,5251.0,8.0
94,14542.0,8.0
95,3860.0,10.0
96,8734.0,10.0
97,11304.0,5.999999999999999
98,43207.0,8.0
99,25754.0,8.0
100,16762.0,8.0
101,7505.0,8.0
102,3450.0,8.0
103,4354.0,5.999999999999999
104,7247.0,5.999999999999999
105,60824.0,7.989630252591131
106,7863.0,8.0
107,5808.0,6.0
108,48074.0,10.000000000000002
109,10686.0,8.0
110,17754.0,8.0
111,6912.0,8.0
112,14604.0,8.0
113,5336.0,8.0
114,16015.0,8.0
115,7605.0,8.0
116,5835.0,10.0
117,25021.0,8.0
118,9366.0,8.0
119,2822.0,8.0
120,6758.0,8.0
121,2954.0,5.999999999999999
122,3855.0,6.000000000000001
123,5826.0,8.0
124,8921.0,8.0
125,33954.0,8.0
126,9833.0,6.000000000000001
127,9319.0,8.0
128,17871.0,8.0
129,12762.0,6.0
130,3018.0,6.0
131,3759.0,8.0
132,3310.0,8.0
133,4295.0,5.999999999999999
134,8644.0,8.0
135,6164.0,8.0
136,5772.0,6.000000000000001
137,5065.0,8.0
138,8837.0,6.0
139,9555.0,8.0
140,27117.0,8.0
141,3857.0,8.0
142,177657.0,6.0
143,8072.0,10.0
144,7107.0,5.999999999999999
145,64705.0,6.000000000000001
146,4027.0,6.0
147,6171.0,6.000000000000001
148,53203.0,9.97630729768639
149,5511.0,8.0
150,9035.0,8.0
151,7551.0,5.999999999999999
152,14463.0,8.0
153,8972.0,6.0
154,111568.0,9.988666635100987
155,35990.0,10.0
156,2441.0,8.0
157,7676.0,10.0
158,960007.0,6.0
159,974.0,6.0
160,26906.0,4.020463848887292
161,127998.0,8.0
162,33710.0,6.0
163,10768.0,6.0
164,732340.0,8.0
165,15013.0,8.172393271714249
166,138274.0,6.0
167,525065.0,6.000000000000001
168,14314.0,8.177884595421627
169,83897.0,6.0
170,86841.0,2.1895626210971293
171,10772.0,8.0
172,464737.0,8.047390655274283
173,66256.0,6.0
174,37934.0,6.0
175,15234.0,6.0
176,5760725.0,6.00652216655254
177,80089.0,8.0
178,174698.0,6.0
179,11767.0,8.0
180,54639.0,5.999999999999999
181,134661.0,3.925063021591607
182,5129.0,6.0
183,7816.0,8.0
184,214883.0,6.047390655274282
185,85951.0,8.047390655274281
186,75626.0,6.0
187,1902064.0,6.000000000000001
188,295691.0,6.0
189,13834.0,6.0
190,1406690.0,5.390112163280383
191,907410.0,8.0
192,38459.0,8.0
193,1196235.0,5.999999999999999
194,1994663.0,6.0
195,535459.0,6.000000000000001
196,392755.0,6.000000000000001
197,186512.0,8.0
198,444652.0,6.0
199,250270.0,6.000000000000001
200,1064954.0,5.999999999999999
201,175080.0,6.000000000000001
202,117551.0,2.0
203,2240.0,6.0
204,27966.0,9.999999999999998
205,269515.0,6.0
206,313675.0,5.999999999999999
207,292333.0,5.999999999999999
208,54149.0,2.1443884847111976
209,38062.0,10.0
210,7565.0,6.000000000000001
211,223642.0,6.000000000000001
212,35554.0,6.0
213,525089.0,6.0
214,123431.0,6.0
215,44078.0,6.0
216,322636.0,10.0
217,10423.0,8.0
218,429655.0,10.0
219,11787.0,8.0
220,2588.0,9.999999999999998
221,2998.0,8.0
222,235603.0,8.0
223,56152.0,10.000000000000002
224,17009.0,10.0
225,1253.0,8.0
226,7609.0,10.0
227,5396.0,8.0
228,2976.0,8.0
229,2273.0,8.0
230,4673.0,8.0
231,24211.0,8.0
232,479804.0,10.000000000000002
233,1732.0,8.0
234,289874.0,8.0
235,35708.0,10.0
236,24009.0,0.0
237,503029.0,8.0
238,32262.0,8.0
239,39101.0,6.0
240,5038.0,10.000000000000002
241,12358.0,8.0
242,13030.0,10.0
243,693.0,6.0
244,5700.0,8.0
245,1022.0,6.0
246,438530.0,8.0
247,1008.0,8.0
248,4764.0,8.0
249,5284.0,8.0
250,44223.0,8.0
251,273109.0,8.0
252,10673.0,8.0
253,3211.0,8.0
254,12721.0,10.0
255,116224.0,10.000000000000002
256,864.0,6.0
257,9030.0,8.0
258,20051.0,8.0
259,31683.0,8.0
260,18684.0,8.0
261,12468.0,0.0
262,4762.0,8.0
263,15004.0,10.000000000000002
264,2880.0,8.0
265,14044.0,10.0
266,7199.0,8.0
267,116465.0,10.0
268,4522.0,8.0
269,8197.0,8.0
270,20147.0,8.0
271,4655.0,8.0
272,740.0,8.0
273,6189.0,8.0
274,1700.0,10.0
275,22161.0,8.0
276,19874.0,10.0
277,3339.0,10.0
278,233722.0,8.0
279,5883.0,8.0
280,13507.0,4.869536287447571
281,71542.0,4.869536287447572
282,13360.0,4.869536287447572
283,45260.0,4.869536287447571
284,15650.0,4.869536287447572
285,5742.0,4.869536287447571
286,41428.0,4.869536287447572
287,41279.0,4.869536287447571
288,13474.0,4.869536287447572
289,14481.0,4.869536287447571
290,9800.0,4.869536287447571
291,19887.0,4.86953628744757
292,58297.0,4.869536287447572
293,6530.0,4.869536287447571
294,18760.0,4.869536287447572
295,30039.0,4.869536287447572
296,2658.0,4.869536287447572
297,76716.0,4.869536287447571
298,16248.0,4.869536287447571
299,25288.0,4.869536287447571
300,7401.0,4.869536287447572
301,20047.0,4.869536287447572
302,12970.0,4.869536287447572
303,13822.0,4.869536287447571
304,16071.0,4.869536287447572
305,16131.0,4.869536287447572
306,37712.0,4.869536287447572
307,7241.0,4.869536287447571
308,8162.0,4.869536287447572
309,3789.0,4.869536287447572
310,30804.0,4.869536287447571
311,9209.0,4.869536287447571
312,26929.0,4.869536287447571
313,20449.0,4.869536287447572
314,25975.0,5.752958098523755
315,8555.0,4.869536287447571
316,64354.0,4.869536287447572
317,1502.0,5.0
318,35704.0,4.869536287447571
319,4739.0,4.8695362874475725
320,32267.0,5.895629029958057
321,21772.0,4.869536287447571
322,12663.0,4.869536287447571
323,13666.0,5.895629029958056
324,19474.0,4.869536287447572
325,32738.0,5.895629029958058
326,17288.0,5.895629029958057
327,10243.0,4.869536287447572
328,42386.0,4.869536287447572
329,19439.0,5.895629029958057
330,9110.0,4.869536287447571
331,22688.0,4.869536287447571
332,2913.0,4.869536287447572
333,2692.0,4.869536287447572
334,1392.0,5.0
335,751.0,5.0
336,1102.0,5.0
337,1159.0,5.0
338,2379.0,4.869536287447571
339,4520.0,4.869536287447572
340,2208.0,4.869536287447572
341,6303.0,4.869536287447571
342,1793.0,5.0
343,5142.0,4.869536287447572
344,18955.0,4.869536287447572
345,1146.0,5.0
346,2086.0,4.869536287447571
347,7838.0,4.869536287447572
348,1787.0,5.0
349,3053.0,4.869536287447571
350,1778.0,5.0
351,5369.0,4.869536287447571
352,21955.0,4.869536287447571
353,1113.0,5.0
354,2565.0,4.869536287447572
355,14929.0,4.869536287447572
356,7032.0,4.869536287447571
357,7361.0,4.869536287447571
358,2904.0,4.869536287447572
359,10252.0,4.869536287447571
360,11344.0,4.869536287447571
361,3380.0,4.869536287447572
362,5494.0,4.869536287447572
363,6882.0,4.869536287447571
364,9643.0,4.869536287447572
365,5473.0,4.869536287447571
366,6366.0,4.869536287447571
367,5002.0,4.869536287447571
368,3291.0,4.869536287447571
369,28476.0,4.869536287447571
370,8843.0,4.869536287447571
371,7039.0,4.869536287447572
372,5029.0,4.869536287447572
373,11273.0,4.869536287447572
374,4511.0,4.869536287447572
375,4132.0,4.869536287447572
376,20820.0,4.869536287447572
377,20044.0,4.869536287447572
378,6935.0,4.869536287447571
379,17814.0,4.869536287447572
380,16861.0,4.869536287447571
381,35193.0,5.895629029958057
382,14189.0,4.869536287447572
383,31544.0,4.869536287447571
384,6720.0,4.869536287447572
385,39381.0,4.869536287447571
386,18765.0,4.869536287447572
387,57869.0,5.895629029958058
388,9781.0,4.869536287447572
389,17565.0,4.869536287447572
390,10967.0,4.869536287447572
391,9831.0,4.869536287447571
392,6951.0,4.869536287447572
393,11524.0,4.869536287447572
394,15049.0,4.869536287447571
395,28843.0,4.869536287447572
396,56125.0,4.869536287447571
397,27782.0,4.869536287447571
398,11778.0,4.869536287447572
399,6378.0,4.869536287447571
400,1892.0,5.0
401,11886.0,4.869536287447571
402,14055.0,4.869536287447572
403,1445.0,5.0
404,8610.0,4.869536287447571
405,23068.0,4.869536287447571
406,5125.0,4.869536287447572
407,10079.0,4.869536287447572
408,2992.0,4.869536287447572
409,1894.0,5.0
410,11004.0,4.869536287447571
411,16140.0,4.869536287447572
412,3885.0,4.869536287447571
413,21401.0,4.869536287447572
414,6205.0,4.869536287447572
415,3359.0,4.869536287447572
416,3154.0,4.869536287447572
417,2064.0,4.869536287447572
418,14296.0,4.869536287447572
419,1800.0,5.0
420,14953.0,4.869536287447572
421,2393.0,4.869536287447572
422,3742.0,4.869536287447571
423,4184.0,4.869536287447572
424,9105.0,4.869536287447572
425,11681.0,4.869536287447571
426,7567.0,4.869536287447571
427,9347.0,4.869536287447572
428,15049.0,4.869536287447571
429,7921.0,4.869536287447571
430,10888.0,4.869536287447571
431,658.0,5.0
432,18838.0,5.895629029958056
433,3668.0,4.869536287447572
434,2931.0,4.869536287447572
435,5609.0,4.869536287447571
436,3916.0,4.869536287447571
437,1523.0,5.0
438,1238.0,5.0
439,1358.0,5.0
440,11148.0,4.869536287447572
441,10746.0,4.869536287447572
442,3057.0,4.869536287447571
443,6313.0,4.869536287447572
444,1231.0,5.0
445,2366.0,4.869536287447572
446,6736.0,4.869536287447571
447,11495.0,4.869536287447572
448,6193.0,4.869536287447571
449,133534.0,6.0
450,411360.0,6.000000000000001
451,197476.0,6.0
452,469969.0,10.0
453,171409.0,10.0
454,19058.0,12.0
455,131530.0,9.037468489204196
456,18411.0,7.1251973672556135
457,443257.0,1.9484240687677714
458,1154301.0,13.07053721014016
459,8287.0,4.921721772468543
460,155146.0,3.943570231887873
461,119606.0,8.0
462,157769.0,4.812657553979016
463,264077.0,13.047176162963991
464,42504.0,8.0
465,19679.0,7.465455288672279
466,11193.0,8.0
467,653005.0,2.962531510795803
468,216329.0,4.88759453238741
469,96867.0,4.88759453238741
470,7579.0,7.078278227531457
471,27065.0,7.110723117697673
472,13235.0,8.0
473,7105.0,5.999999999999999
474,11304.0,6.104370970041943
475,7144.0,6.104370970041943
476,13078.0,12.0
477,17897.0,7.078278227531457
478,143703.0,10.0
479,63941.0,6.163617082908153
480,869744.0,2.88759453238741
481,10852.0,7.078278227531456
482,119532.0,3.850126043183213
483,27077.0,7.078278227531457
484,9700.0,5.3377235073005185
485,4366.0,9.999999999999998
486,270041.0,4.957677673915905
487,490633.0,5.850126043183214
488,199736.0,12.000000000000002
489,30095.0,11.519123465238708
490,4552.0,7.078278227531456
491,12128.0,12.0
492,279543.0,10.0
493,265806.0,5.943570231887873
494,116092.0,13.07053721014016
495,1528126.0,2.9576776739159047
496,51858.0,12.0
497,77373.0,11.192948999694984
498,151194.0,7.0189612789079305
499,20675.0,7.489013423323315
500,836942.0,5.850126043183214
501,239286.0,5.004399768268234
502,910410.0,6.000000000000001
503,404665.0,5.943570231887873
504,641436.0,2.9625315107958032
505,460251.0,8.0
506,46067.0,10.0
507,232060.0,4.9294627898598415
508,241214.0,12.0
509,144427.0,3.0326146523242983
510,333464.0,3.0559756995004626
511,351041.0,8.0
512,119379.0,13.07053721014016
513,27249.0,7.110511693856434
514,11547.0,7.428523155402882
515,7508.0,7.078278227531458
516,389299.0,5.850126043183214
517,23686.0,5.0351245109699985
518,60511.0,6.0834607306590796
519,14787.0,10.05218548502097
520,11563.0,5.999999999999999
521,4473.0,6.000000000000001
522,6480.0,6.000000000000001
523,2067.0,6.0
524,26713.0,6.0
525,14095.0,6.0
526,60689.0,6.0
527,80566.0,6.000000000000001
528,9957.0,6.0
529,11530.0,6.0
530,107335.0,6.000000000000001
531,8117.0,6.000000000000001
532,11621.0,6.0
533,10703.0,6.0
534,32627.0,6.0
535,47840.0,6.000000000000001
536,16315.0,6.000000000000001
537,17458.0,5.999999999999999
538,2933.0,6.0
539,37425.0,5.999999999999999
540,6711.0,5.999999999999999
541,86225.0,5.999999999999999
542,45933.0,6.0
543,6327.0,6.000000000000001
544,205942.0,6.0
545,3315.0,6.0
546,14879.0,6.0
547,201133.0,6.000000000000001
548,71287.0,5.999999999999999
549,1983.0,6.0
550,183478.0,6.0
551,4175.0,6.000000000000001
552,512377.0,6.0
553,23645.0,6.000000000000001
554,25875.0,6.000000000000001
555,109729.0,6.0
556,10754.0,6.0
557,109368.0,6.0
558,8548.0,6.000000000000001
559,12802.0,6.0
560,11480.0,6.0
561,24032.0,6.000000000000001
562,16473.0,6.0
563,484547.0,6.0
564,11580.0,6.0
565,6073.0,5.999999999999999
566,58684.0,6.000000000000001
567,97054.0,6.0
568,7009.0,5.999999999999999
569,2065.0,5.999999999999999
570,47742.0,6.000000000000001
571,13001.0,6.000000000000001
572,14134.0,6.0
573,6271.0,6.0
574,20488.0,6.0
575,90981.0,6.0
576,60829.0,5.999999999999999
577,167213.0,6.0
578,16163.0,6.0
579,748848.0,6.0
580,23713.0,6.0
581,2070.0,6.0
582,60936.0,5.999999999999999
583,38904.0,5.999999999999999
584,15086.0,6.000000000000001
585,16024.0,6.0
586,579926.0,5.999999999999999
587,30492.0,6.0
588,139735.0,6.000000000000001
589,5913.0,6.000000000000001
590,22090.0,6.0
591,27448.0,6.0
592,18457.0,6.0
593,8336.0,5.999999999999999
594,172989.0,6.000000000000001
595,111555.0,6.000000000000001
596,5877.0,6.000000000000001
597,60886.0,5.999999999999999
598,11688.0,6.0
599,8294.0,6.000000000000001
600,11013.0,6.0
601,5076.0,6.0
602,5549.0,6.0
603,21039.0,6.0
604,14221.0,6.0
605,5785.0,6.0
606,33216.0,6.000000000000001
607,23149.0,6.0
608,35989.0,6.000000000000001
609,6206.0,6.000000000000001
610,10567.0,6.0
611,72239.0,5.999999999999999
612,23214.0,6.0
613,15315.0,6.0
614,9571.0,6.0
615,7002.0,6.000000000000001
616,22124.0,5.999999999999999
617,4841.0,5.999999999999999
618,16286.0,6.000000000000001
619,3773.0,6.0
620,13143.0,6.0
621,22598.0,6.0
622,5416.0,6.0
623,16096.0,6.0
624,24752.0,5.999999999999999
625,123667.0,6.0
626,81243.0,6.0
627,32051.0,6.000000000000001
628,11307.0,6.0
629,122713.0,6.0
630,18540.0,6.0
631,26176.0,6.0
632,12832.0,6.0
633,15249.0,6.0
634,26196.0,6.0
635,5943.0,6.0
636,16586.0,6.0
637,1522.0,6.0
638,13283.0,6.0
639,4291.0,6.000000000000001
640,129486.0,6.000000000000001
641,62778.0,6.0
642,3024.0,5.999999999999999
643,9937.0,6.0
644,5834.0,6.0
645,46504.0,6.000000000000001
646,18671.0,6.0
647,2809.0,6.0
648,17491.0,6.000000000000001
649,4501.0,6.000000000000001
650,1222.0,6.0
651,11738.0,6.0
652,5377.0,6.0
653,6194.0,6.0
654,6212.0,6.0
655,30337.0,6.0
656,25500.0,5.999999999999999
657,16033.0,6.0
658,10654.0,6.0
659,4239.0,5.999999999999999
660,43603.0,6.0
661,5671.0,5.999999999999998
662,5894.0,6.0
663,21379.0,6.0
664,18949.0,6.0
665,43957.0,6.000000000000001
666,75745.0,6.0
667,20069.0,6.000000000000001
668,3789.0,6.000000000000001
669,13086.0,6.0
670,18589.0,6.000000000000001
671,1716.0,6.0
672,3215.0,6.000000000000001
673,21802.0,6.000000000000001
674,58086.0,6.0
675,4549.0,6.0
676,6704.0,6.0
677,6597.0,6.000000000000001
678,13162.0,6.0
679,118521.0,4.0
680,502970.0,4.0
681,42841.0,4.0
682,101666.0,4.0
683,346361.0,10.0
684,3378.0,6.0
685,52897.0,8.0
686,4167.0,10.0
687,6769.0,6.000000000000001
688,26384.0,10.05218548502097
689,17472.0,11.026092742510485
690,6511.0,3.947814514979029
691,37335.0,10.0
692,73670.0,3.9735470475425143
693,8889.0,9.026092742510487
694,1755.0,3.0
695,880.0,10.0
696,134650.0,6.0
697,4390.0,6.0
698,12021.0,6.803530908747604
699,438.0,4.0
700,5531.0,3.947814514979029
701,3198.0,6.0
702,14718.0,6.0
703,8883.0,4.0
704,8715.0,5.895629029958057
705,13437.0,9.999999999999998
706,7658.0,8.0
707,12006.0,6.0
708,19080.0,4.1472095567712355
709,10576.0,5.136860560473437
710,125242.0,4.041868257472431
711,27732.0,7.793703246938091
712,6198.0,3.947814514979029
713,2507.0,3.9478145149790285
714,2500.0,6.0
715,25306.0,5.895629029958057
716,9995.0,8.0
717,26591.0,8.0
718,3231.0,10.0
719,6073.0,3.8956290299580574
720,14591.0,11.026092742510485
721,4066.0,4.869536287447571
722,8199.0,8.052185485020972
723,8698.0,5.906269897252195
724,49842.0,8.0
725,9197.0,5.999999999999999
726,7013.0,6.0
727,44627.0,4.0521854850209715
728,3806.0,2.0
729,10297.0,5.999999999999999
730,34153.0,6.0
731,3097.0,8.0
732,22738.0,8.052185485020972
733,3284.0,5.026092742510485
734,10405.0,6.0
735,7769.0,2.0
736,122822.0,8.05218548502097
737,10767.0,6.000000000000001
738,10993.0,10.0
739,9398.0,2.0
740,25960.0,5.999999999999999
741,29069.0,8.0
742,1665034.0,6.023361047176166
743,12616.0,4.0
744,7625.0,4.0
745,65805.0,7.078278227531457
746,10239.0,5.026092742510485
747,11617.0,8.0
748,631995.0,4.0
749,11835.0,6.0
750,4238.0,10.765165317405625
751,24465.0,7.078278227531458
752,13592.0,5.999999999999999
753,9294.0,2.0
754,29055.0,4.0
755,24741.0,2.0
756,3520.0,2.0
757,9286.0,4.0
758,35856.0,4.0
759,5692.0,6.000000000000001
760,52219.0,9.925764266492486
761,11921.0,2.0
762,2997.0,8.0
763,4441.0,4.0
764,36350.0,6.052185485020972
765,18217.0,2.0
766,32515.0,2.0
767,6812.0,4.0
768,24022.0,5.078278227531457
769,15442.0,9.026092742510485
770,16262.0,6.000000000000001
771,7797.0,4.0
772,308025.0,2.0
773,68517.0,4.0
774,91622.0,13.843443544937083
775,14656.0,0.0
776,464526.0,10.9673853476757
777,74752.0,2.0
778,8927.0,2.0521854850209715
779,21415.0,4.0
780,20758.0,6.0
781,9981.0,4.0521854850209715
782,16618.0,2.0
783,210472.0,7.929916858471505
784,67406.0,4.0
785,67218.0,1.947814514979029
786,30760.0,2.9217217724685427
787,184284.0,7.078278227531458
788,25229.0,4.0
789,8435.0,0.0
790,9102.0,8.0
791,10828.0,4.0
792,8968.0,0.0
793,12926.0,2.0
794,26339.0,5.999999999999999
795,16956.0,4.0
796,22336.0,4.0
797,8800.0,8.052185485020972
798,1498909.0,6.0
799,34483.0,4.0
800,117790.0,4.0
801,15151.0,2.0
802,12142.0,2.0
803,10122.0,6.0
804,2823.0,0.0
805,4341.0,8.0
806,4081.0,8.0
807,20290.0,4.0
808,9506.0,4.0
809,86205.0,0.0
810,168619.0,4.0
811,15631.0,0.0
812,139246.0,2.0
813,4979.0,2.0
814,3469.0,2.0
815,14893.0,6.000000000000001
816,3623.0,4.0521854850209715
817,26895.0,6.0
818,91651.0,8.0
819,12335.0,6.000000000000001
820,27333.0,5.999999999999999
821,7669.0,12.8173508024266
822,15834.0,6.052185485020971
823,9951.0,2.0
824,9896.0,2.0
825,11106.0,5.999999999999999
826,9702.0,4.0
827,36572.0,6.000000000000001
828,428909.0,2.0
829,48182.0,4.0521854850209715
830,94896.0,4.0
831,27442.0,5.026092742510486
832,14671.0,2.0
833,17394.0,9.739072574895143
834,93970.0,8.967385347675702
835,18687.0,20.0
836,242146.0,20.017784164907713
837,49058.0,20.044893441818495
838,5757.0,4.0
839,7383.0,20.095405384918514
840,53588.0,18.02741629174417
841,12301.0,6.0
842,13253.0,8.0
843,20989.0,6.0
844,84796.0,7.943570231887872
845,17340.0,22.0
846,18623.0,19.961055736209204
847,7162.0,6.0521854850209715
848,16144.0,19.955209556090722
849,36857.0,6.000000000000001
850,16365.0,22.0
851,27611.0,20.07930377258491
852,68179.0,20.0
853,28838.0,22.0
854,112695.0,6.0
855,14273.0,20.151540741334045
856,56816.0,5.227466703230842
857,10909.0,4.0
858,16116.0,6.0
859,12288.0,5.999999999999999
860,22067.0,4.0
861,39311.0,20.05592084138111
862,20020.0,19.709791877979214
863,258795.0,20.017784164907713
864,60958.0,8.0
865,27701.0,4.0
866,120637.0,20.018337687504467
867,29381.0,8.0
868,55543.0,8.08620925656746
869,23911.0,20.091388365557435
870,26139.0,11.078278227531458
871,21927.0,20.033173405676802
872,11088.0,19.7417794614213
873,20345.0,20.10712061618584
874,16894.0,7.130463712552428
875,107303.0,6.0
876,20778.0,19.755169561282923
877,49120.0,20.0
878,15285.0,6.0
879,334394.0,20.01778416490771
880,71394.0,20.0
881,29972.0,20.024377626362277
882,83715.0,5.999999999999999
883,561342.0,10.0
884,27617.0,20.079286770923055
885,6592.0,8.0
886,20125.0,22.000000000000004
887,79846.0,6.000000000000001
888,22985.0,3.72557965836435
889,49443.0,20.044546463443947
890,9545.0,4.0
891,28346.0,20.07727394196515
892,4259.0,4.0
893,12259.0,20.0
894,14361.0,19.94978818088207
895,8310.0,4.0
896,11801.0,20.0
897,8310.0,20.0
898,122633.0,5.999999999999999
899,17481.0,4.0
900,8093.0,22.0
901,23217.0,20.0
902,14866.0,18.0
903,19596.0,4.0
904,10612.0,22.0
905,171830.0,5.999999999999999
906,15659.0,4.0
907,28250.0,19.97415561889937
908,14057.0,20.0
909,15601.0,22.0
910,22714.0,4.0
911,12299.0,20.11676875670319
912,6345.0,4.0
913,102323.0,4.0
914,10675.0,19.933030951477505
915,4528.0,8.0
916,110953.0,6.000000000000001
917,10053.0,8.0
918,62207.0,5.391522662703452
919,19270.0,20.112983938682664
920,5880.0,4.0
921,44527.0,20.0
922,18063.0,4.0
923,38716.0,4.0
924,18581.0,22.0
925,15748.0,6.0
926,23321.0,22.0
927,4945.0,10.0
928,2572.0,5.962291680772506
929,8918.0,8.771410811706078
930,7990.0,8.0
931,3895.0,5.9478145149790285
932,17407.0,9.078278227531456
933,76188.0,8.0
934,18544.0,4.101114336010144
935,16841.0,4.0
936,12943.0,10.104370970041943
937,10361.0,8.76278548528098
938,9458.0,10.05218548502097
939,6223.0,9.026092742510485
940,13826.0,4.133318668864176
941,8710.0,4.0
942,12294.0,4.0
943,28409.0,2.134363827576418
944,7401.0,9.575178573350495
945,7670.0,7.589999887285184
946,5621.0,6.917158680341746
947,10567.0,10.644283592506103
948,11464.0,8.0
949,30652.0,8.0
950,8544.0,8.759369794583138
951,70900.0,11.917583251167136
952,4715.0,8.0
953,4361.0,9.304053361175981
954,11638.0,8.0
955,24823.0,9.026092742510485
956,13628.0,8.0
957,63679.0,9.990308720075472
958,6091.0,4.0
959,11668.0,18.000000000000004
960,9639.0,8.744895432695872
961,5965.0,4.973907257489514
962,4671.0,2.0
963,6019.0,2.563740177813675
964,8462.0,6.0
965,7791.0,8.0
966,9271.0,10.052185485020972
967,7082.0,2.7342169065190736
968,10351.0,9.999999999999998
969,8721.0,2.0
970,12150.0,10.846904541947387
971,5870.0,5.121661848222295
972,6150.0,9.026092742510485
973,4462.0,9.026092742510485
974,11543.0,9.026092742510485
975,13365.0,9.026092742510487
976,24272.0,8.0
977,10215.0,8.0
978,99442.0,8.0
979,13087.0,8.0
980,6143.0,8.0
981,9932.0,8.0
982,20419.0,8.0
983,146358.0,7.929916858471505
984,6495.0,9.026092742510485
985,5565.0,8.0
986,8227.0,10.104370970041943
987,11602.0,10.0
988,13174.0,8.815088254433729
989,22912.0,9.026092742510485
990,22017.0,11.742452915602199
991,10236.0,3.2401470704243365
992,6576.0,7.078278227531457
993,5177.0,9.72345554666084
994,4927.0,9.37564791691929
995,6360.0,4.223616260625992
996,25462.0,8.0
997,8975.0,4.877375866499085
998,3832.0,8.447571776127683
999,9427.0,9.078278227531458
1000,5883.0,8.0
1001,16825.0,10.052185485020972
1002,4396.0,8.0
1003,305244.0,9.999999999999998
1004,57806.0,10.017718367410108
1005,13026.0,7.907578682328642
1006,3133.0,9.026092742510485
1007,6652.0,8.68038840771358
1008,117136.0,7.929916858471505
1009,7730.0,10.104370970041943
1010,21806.0,8.944921464026564
1011,61801.0,2.062906790983755
1012,10190.0,6.0
1013,3615.0,8.753691294951237
1014,7537.0,2.231675819335224
1015,4514.0,4.0
1016,19007.0,8.0
1017,37635.0,10.948442578885038
1018,14130.0,7.738724527107812
1019,3644.0,8.0
1020,21869.0,2.9739072574895142
1021,7085.0,4.921721772468542
1022,14074.0,11.078278227531458
1023,54787.0,8.0
1024,5014.0,8.615389919943688
1025,7138.0,2.0
1026,8418.0,8.0
1027,5400.0,7.026092742510485
1028,11085.0,8.0
1029,2912.0,7.078278227531456
1030,16220.0,6.0
1031,11270.0,2.0
1032,6302.0,10.0
1033,44362.0,5.966539382557366
1034,1835.0,6.0
1035,2239.0,6.0
1036,15223.0,6.0
1037,1907.0,6.0
1038,1515.0,10.0
1039,5544.0,10.0
1040,5649.0,8.0
1041,6078.0,6.000000000000001
1042,1102.0,10.0
1043,19458.0,8.0
1044,26056.0,6.0
1045,1996.0,6.000000000000001
1046,13555.0,2.0871610642727987
1047,5011.0,8.0
1048,74101.0,8.0
1049,1800.0,20.0
1050,1747.0,8.0
1051,18526.0,5.999999999999999
1052,3837.0,8.0
1053,18687.0,10.0
1054,16188.0,7.954809764811004
1055,17800.0,4.0
1056,17270.0,6.0
1057,1854.0,8.0
1058,1663.0,8.0
1059,3679.0,6.000000000000001
1060,3298.0,5.999999999999999
1061,852.0,6.0
1062,4360.0,2.0
1063,1329.0,6.0
1064,3795.0,10.000000000000002
1065,22305.0,4.0
1066,2076.0,8.0
1067,1226.0,8.0
1068,9039.0,7.606060148196861
1069,13421.0,9.026092742510485
1070,2051.0,8.0
1071,424949.0,6.000000000000001
1072,2220.0,8.0
1073,5254.0,6.0
1074,1464.0,8.0
1075,12419.0,8.0
1076,1106.0,4.0
1077,51331.0,10.0
1078,2021.0,4.0
1079,7505.0,8.0
1080,1909.0,6.0
1081,19806.0,8.0
1082,18857.0,8.0
1083,7922.0,7.0876314368978806
1084,6966.0,10.0
1085,3284.0,8.0
1086,24988.0,5.999999999999999
1087,4238.0,8.0
1088,18654.0,6.0
1089,3870.0,6.000000000000001
1090,1991.0,6.0
1091,7315.0,8.0
1092,9872.0,6.0
1093,1830.0,8.0
1094,3101.0,8.418489299545255
1095,11780.0,8.0
1096,2451.0,4.0
1097,3803.0,9.999999999999998
1098,3601.0,20.000000000000004
1099,3813.0,2.0
1100,17052.0,7.939851663185211
1101,5554.0,7.026092742510487
1102,1886.0,2.0
1103,40270.0,8.0
1104,3384.0,8.0
1105,5597.0,8.0
1106,36057.0,2.0348609813035536
1107,3559.0,8.0
1108,2139.0,6.000000000000001
1109,4441.0,0.0
1110,33709.0,8.0
1111,3314.0,5.026092742510485
1112,330921.0,8.0
1113,10572.0,4.611578152819566
1114,109860.0,9.953277905647669
1115,1823.0,5.0
1116,3554.0,8.0
1117,2729.0,8.0
1118,2585.0,6.0
1119,1021.0,8.0
1120,2771.0,6.000000000000001
1121,14620.0,6.0
1122,5092.0,8.0
1123,2034.0,8.0
1124,5161.0,6.0
1125,1085.0,6.0
1126,3469.0,8.0
1127,1218.0,8.0
1128,5051.0,6.0
1129,2020.0,6.0
1130,86948.0,8.0
1131,13256.0,4.0
1132,14380.0,4.0
1133,17906.0,4.0
1134,5808.0,4.0
1135,30772.0,4.0
1136,9001.0,6.0
1137,18092.0,2.0
1138,97617.0,4.0
1139,13992.0,4.0
1140,33490.0,4.0
1141,21111.0,4.0
1142,6225.0,6.0
1143,9709.0,6.0
1144,14926.0,4.0
1145,61324.0,4.0
1146,8835.0,4.0
1147,9272.0,4.0
1148,26257.0,4.0
1149,67780.0,4.0
1150,3634.0,4.0
1151,7392.0,6.0
1152,18216.0,4.0
1153,10615.0,4.0
1154,41995.0,4.0
1155,28362.0,4.0
1156,13533.0,5.999999999999999
1157,7120.0,6.0
1158,6173.0,4.0
1159,5071.0,4.0
1160,72449.0,4.0
1161,9337.0,4.0
1162,4735.0,6.0
1163,10109.0,6.0
1164,212181.0,4.0
1165,10480.0,2.0
1166,26502.0,6.0
1167,37595.0,4.0
1168,4461.0,4.0
1169,6037.0,4.0
1170,12959.0,4.0
1171,17189.0,4.0
1172,26080.0,4.0
1173,18166.0,4.0
1174,8338.0,4.0
1175,26573.0,4.0
1176,6547.0,2.0
1177,76588.0,4.0
1178,18128.0,6.0
1179,13714.0,6.000000000000001
1180,13285.0,4.0
1181,32091.0,7.026092742510486
1182,11874.0,4.0
1183,3169.0,4.0
1184,31748.0,4.0
1185,9627.0,6.0
1186,558971.0,8.0
1187,38488.0,4.0
1188,16396.0,6.0
1189,140844.0,4.0
1190,10176.0,6.0
1191,22526.0,6.0
1192,11307.0,2.0
1193,45648.0,6.0
1194,11086.0,4.0
1195,4699.0,6.0
1196,7189.0,5.999999999999999
1197,14695.0,6.0
1198,9524.0,5.999999999999999
1199,17965.0,6.0
1200,7153.0,4.0
1201,18595.0,6.0
1202,6041.0,4.0
1203,56524.0,7.026092742510485
1204,10341.0,4.0
1205,6582.0,4.0
1206,67425.0,8.0
1207,9088.0,6.0
1208,13289.0,4.0
1209,24143.0,5.078278227531457
1210,6949.0,6.0
1211,11932.0,4.0
1212,20897.0,6.000000000000001
1213,5054.0,6.0
1214,17665.0,2.0
1215,7743.0,4.0
1216,7999.0,4.0
1217,19631.0,4.0
1218,8475.0,6.000000000000001
1219,21291.0,4.0
1220,34388.0,2.0
1221,5206.0,6.0
1222,16537.0,4.0
1223,51007.0,6.000000000000001
1224,8013.0,4.0
1225,3215.0,2.0
1226,10547.0,6.0
1227,18462.0,4.0
1228,41351.0,4.0
1229,9339.0,6.0
1230,49294.0,4.0
1231,1684.0,4.0
1232,11876.0,6.0
1233,17365.0,4.0
1234,13478.0,4.0
1235,42136.0,4.0
1236,35480.0,6.0
1237,13693.0,4.0
1238,15773.0,4.0
1239,18115.0,4.0
1240,7864.0,4.0
1241,10764.0,4.0
1242,6655.0,8.0
1243,9784.0,4.0
1244,86173.0,4.0
1245,9114.0,4.0
1246,13956.0,2.0
1247,8558.0,4.0
1248,25250.0,4.0
1249,5173.0,6.0
1250,20954.0,4.0
1251,35655.0,27.875937157431707
1252,11177.0,19.83361567576509
1253,78217.0,19.975645260007973
1254,13135.0,19.85783045784362
1255,21272.0,19.9114104220368
1256,22598.0,19.916536349298486
1257,8494.0,19.782960965725074
1258,67617.0,19.971845197368946
1259,130506.0,27.965885591519605
1260,113683.0,27.960851401163723
1261,5804.0,19.68760650454623
1262,4008.0,19.557935506172047
1263,6140.0,19.703857887897637
1264,8378.0,19.7800660426244
1265,10977.0,19.830669721978296
1266,17947.0,19.895284078523233
1267,263212.0,27.983064558549994
1268,3844.0,19.540519629095986
1269,13455.0,23.768555694932193
1270,19708.0,19.904491983058694
1271,12486.0,19.850624712299236
1272,12514.0,19.850950635907033
1273,41641.0,19.954415433894457
1274,19244.0,19.902226675915994
1275,9495.0,19.805098809723184
1276,252922.0,27.982376416268618
1277,19156.0,19.901784871198675
1278,149139.0,19.98720228163141
1279,54195.0,19.964913120447306
1280,8430.0,19.781373260014817
1281,24067.0,19.92156420038569
1282,83412.0,19.97715632755712
1283,6311.0,19.711496188407576
1284,15574.0,19.879648627650393
1285,20854.0,19.909661457927232
1286,242175.0,27.981595362629513
1287,93651.0,19.979645386764293
1288,13354.0,23.76684603063596
1289,13959.0,19.866035350331913
1290,71820.0,19.973485572003632
1291,5472.0,19.669696218696654
1292,12353.0,19.849056905474736
1293,13506.0,19.8616456994285
1294,24546.0,27.82050880612685
1295,33386.0,19.943250829904578
1296,8067.0,19.77190944798566
1297,14278.0,19.868963030572395
1298,27701.0,19.931736858067318
1299,52129.0,27.914905651758644
1300,34154.0,19.944515113042964
1301,28549.0,19.933742108607493
1302,181755.0,27.975487903606183
1303,64888.0,19.97066687743369
1304,3250.0,19.46404227617369
1305,50926.0,19.962674863305086
1306,14855.0,19.873945856160656
1307,35139.0,19.94605645611976
1308,21476.0,19.912239623733804
1309,27575.0,19.931428504237296
1310,20347.0,19.907445155104355
1311,16635.0,27.736754369352973
1312,6919.0,19.73573154252116
1313,7682.0,19.760933669148226
1314,8245.0,19.77665035535509
1315,15905.0,11.026092742510485
1316,3537.0,12.052185485020969
1317,3209.0,11.026092742510487
1318,1693.0,12.0
1319,24406.0,11.026092742510485
1320,6579.0,11.026092742510487
1321,1733.0,12.0
1322,1854.0,12.0
1323,2167.0,11.026092742510485
1324,2110.0,11.026092742510487
1325,4281.0,11.026092742510484
1326,3702.0,11.026092742510485
1327,4457.0,11.026092742510485
1328,1132.0,11.0
1329,206.0,10.0
1330,190.0,10.0
1331,865.0,8.0
1332,501.0,10.0
1333,379.0,10.0
1334,4685.0,11.026092742510484
1335,299.0,10.0
1336,172.0,10.0
1337,330.0,10.0
1338,258.0,11.0
1339,198.0,7.0
1340,79.0,10.0
1341,188.0,10.0
1342,706.0,10.0
1343,856.0,10.0
1344,2196.0,11.026092742510487
1345,2765.0,12.05218548502097
1346,756.0,8.0
1347,71.0,10.0
1348,5.0,10.0
1349,305.0,10.0
1350,128.0,10.0
1351,61.0,10.0
1352,89.0,10.0
1353,63.0,10.0
1354,1050.0,8.0
1355,3508.0,11.026092742510485
1356,563.0,7.0
1357,1167.0,12.0
1358,668.0,7.0
1359,628.0,7.0
1360,315.0,10.0
1361,51.0,10.0
1362,2667.0,12.05218548502097
1363,1421.0,11.0
1364,929.0,11.0
1365,167.0,10.0
1366,176.0,10.0
1367,516.0,10.0
1368,33.0,10.0
1369,25.0,10.0
1370,362.0,10.0
1371,406.0,10.0
1372,448.0,10.0
1373,526.0,10.0
1374,107.0,10.0
1375,61.0,10.0
1376,303.0,10.0
1377,321.0,10.0
1378,5493.0,11.026092742510487
1379,109.0,10.0
1380,855.0,8.0
1381,312.0,10.0
1382,188.0,10.0
1383,562.0,11.0
1384,217.0,10.0
1385,128.0,10.0
1386,195.0,10.0
1387,1204.0,12.0
1388,202.0,10.0
1389,364.0,10.0
1390,969.0,8.0
1391,344.0,10.0
1392,75.0,10.0
1393,261.0,10.0
1394,166.0,10.0
1395,908.0,10.0
1396,1273.0,11.0
1397,4540.0,11.026092742510485
1398,18807.0,11.026092742510485
1399,8229.0,11.026092742510485
1400,2927.0,11.026092742510485
1401,7267.0,11.026092742510487
1402,10774.0,11.026092742510485
1403,7450.0,11.026092742510485
1404,91.0,10.0
1405,14143.0,11.026092742510485
1406,6745.0,11.026092742510485
1407,4575.0,11.026092742510487
1408,2051.0,11.026092742510485
1409,221.0,10.0
1410,3291.0,11.026092742510485
1411,4431.0,11.026092742510485
1412,3546.0,11.026092742510487
1413,54258.0,10.936256561806285
1414,1461.0,12.0
1415,3885.0,11.026092742510484
1416,18849.0,11.026092742510487
1417,1629.0,12.0
1418,20409.0,11.026092742510485
1419,7734.0,11.026092742510487
1420,14080.0,11.026092742510485
1421,14207.0,11.026092742510484
1422,7609.0,11.026092742510485
1423,342.0,10.0
1424,682.0,8.0
1425,412.0,8.0
1426,1052.0,8.0
1427,137.0,10.0
1428,292.0,10.0
1429,627.0,7.0
1430,5483.0,11.026092742510485
1431,619.0,7.0
1432,3251.0,11.026092742510485
1433,1133.0,11.0
1434,1216.0,12.0
1435,555.0,10.0
1436,878.0,8.0
1437,1023.0,12.0
1438,173.0,10.0
1439,145.0,10.0
1440,1115.0,10.0
1441,414.0,10.0
1442,358.0,10.0
1443,2802.0,11.026092742510487
1444,236.0,10.0
1445,94.0,10.0
1446,4578.0,11.026092742510485
1447,2567.0,11.026092742510485
1448,752.0,8.0
1449,829.0,8.0
1450,3810.0,11.026092742510485
1451,730.0,11.0
1452,165.0,10.0
1453,1425.0,12.0
1454,1665.0,12.0
1455,331.0,6.0
1456,6396.0,11.026092742510487
1457,1160.0,10.0
1458,39.0,10.0
1459,1470.0,12.0
1460,48.0,10.0
1461,1924.0,11.0
1462,1439.0,12.0
1463,425.0,10.0
1464,1793.0,12.0
1465,1797.0,11.0
1466,55.0,10.0
1467,624.0,9.0
1468,1035.0,10.0
1469,1035.0,9.0
1470,251.0,10.0
1471,1411.0,12.0
1472,919.0,10.0
1473,956.0,11.0
1474,1393.0,11.0
1475,342.0,10.0
1476,1271.0,12.0
1477,1278.0,11.0
1478,415.0,10.0
1479,293.0,10.0
1480,437.0,10.0
1481,1499.0,12.0
1482,12962.0,11.026092742510485
1483,2746.0,12.052185485020972
1484,1949.0,11.006275753874478
1485,2025.0,12.050794027481743
1486,3161.0,11.026092742510484
1487,2228.0,11.026092742510487
1488,2247.0,12.05218548502097
1489,931.0,10.0
1490,4377.0,11.026092742510485
1491,2223.0,11.026092742510485
1492,2739.0,10.0
1493,2063.0,12.052185485020972
1494,3242.0,11.026092742510487
1495,1436.0,11.0
1496,4540.0,11.026092742510485
1497,2249.0,12.052185485020972
1498,1248.0,11.0
1499,2164.0,12.052185485020972
1500,881.0,8.0
1501,3691.0,12.05218548502097
1502,3227.0,11.026092742510484
1503,515.0,8.0
1504,11348.0,12.05218548502097
1505,983.0,11.0
1506,2915.0,12.052185485020972
1507,1876.0,11.0
1508,5827.0,11.026092742510489
1509,4924.0,11.026092742510485
1510,1129.0,10.0
1511,4565.0,11.026092742510485
1512,1272.0,11.0
1513,1030.0,8.0
1514,1380.0,11.0
1515,81.0,10.0
1516,58.0,10.0
1517,371.0,10.0
1518,1333.0,12.0
1519,5118.0,11.026092742510485
1520,3132.0,11.026092742510485
1521,2191.0,12.052185485020972
1522,1305.0,11.0
1523,2122.0,11.026092742510485
1524,1956.0,11.008068236732386
1525,965.0,7.0
1526,2908.0,11.026092742510485
1527,1221.0,11.0
1528,674.0,10.0
1529,2632.0,11.026092742510485
1530,1761.0,11.0
1531,766.0,8.0
1532,2626.0,12.052185485020972
1533,1893.0,12.0
1534,1456.0,12.0
1535,1099.0,8.0
1536,2172.0,11.026092742510484
1537,73.0,10.0
1538,1674.0,12.0
1539,1619.0,12.0
1540,459.0,10.0
1541,937.0,10.0
1542,562.0,11.0
1543,3820.0,12.052185485020972
1544,667.0,7.0
1545,1759.0,11.0
1546,2922.0,11.026092742510487
1547,658.0,10.0
1548,2294.0,11.026092742510487
1549,1286.0,11.0
1550,1557.0,12.0
1551,123.0,10.0
1552,764.0,8.0
1553,988.0,11.0
1554,1668.0,12.0
1555,2722.0,12.05218548502097
1556,165.0,10.0
1557,687.0,10.0
1558,248.0,10.0
1559,885.0,8.0
1560,987.0,8.0
1561,1214.0,11.0
1562,41.0,10.0
1563,1045.0,9.0
1564,30.0,10.0
1565,1663.0,11.0
1566,312.0,8.0
1567,3704.0,11.026092742510485
1568,1521.0,12.0
1569,3015.0,11.026092742510487
1570,3681.0,11.026092742510487
1571,1105.0,11.0
1572,1195.0,10.0
1573,304.0,10.0
1574,3582.0,11.026092742510485
1575,235.0,10.0
1576,298.0,10.0
1577,756.0,10.0
1578,349.0,10.0
1579,69.0,10.0
1580,1247.0,11.0
1581,1230.0,11.0
1582,1156.0,10.0
1583,647.0,6.0
1584,20667.0,11.026092742510487
1585,958.0,8.0
1586,1146.0,11.0
1587,6618.0,11.026092742510485
1588,333.0,10.0
1589,2153.0,12.05218548502097
1590,115.0,10.0
1591,959.0,10.0
1592,438.0,10.0
1593,684.0,8.0
1594,1479.0,12.0
1595,1939.0,12.007407594395666
1596,2476.0,11.026092742510485
1597,912.0,8.0
1598,24.0,10.0
1599,1145.0,11.0
1600,1770.0,11.0
1601,164.0,10.0
1602,1092.0,11.0
1603,852.0,10.0
1604,720.0,7.0
1605,765.0,7.0
1606,3453.0,11.026092742510485
1607,927.0,10.0
1608,6161.0,11.026092742510487
1609,4949.0,12.052185485020972
1610,2557.0,12.05218548502097
1611,816.0,10.0
1612,1056.0,11.0
1613,999.0,10.0
1614,100.0,10.0
1615,523.0,10.0
1616,97.0,10.0
1617,693.0,11.0
1618,2115.0,12.052185485020969
1619,3379.0,11.026092742510485
1620,343.0,10.0
1621,532.0,8.0
1622,82.0,10.0
1623,963.0,11.0
1624,2370.0,11.026092742510487
1625,3183.0,11.026092742510485
1626,187.0,10.0
1627,1249.0,11.0
1628,2301.0,12.052185485020972
1629,7843.0,11.026092742510485
1630,8712.0,11.026092742510484
1631,3110.0,11.026092742510485
1632,293.0,10.0
1633,623.0,10.0
1634,405.0,10.0
1635,944.0,11.0
1636,140.0,10.0
1637,30.0,10.0
1638,229.0,10.0
1639,461.0,10.0
1640,995.0,8.0
1641,1460.0,11.0
1642,56.0,10.0
1643,268.0,10.0
1644,178.0,10.0
1645,487.0,8.0
1646,137.0,10.0
1647,151.0,10.0
1648,1002.0,8.0
1649,3048.0,11.026092742510485
1650,1474.0,10.0
1651,913.0,8.0
1652,40.0,6.0
1653,160.0,10.0
1654,214.0,10.0
1655,1660.0,12.0
1656,601.0,10.0
1657,578.0,10.0
1658,1016.0,10.0
1659,733.0,7.0
1660,195.0,10.0
1661,173.0,10.0
1662,111.0,10.0
1663,415.0,8.0
1664,6693.0,11.026092742510487
1665,2347.0,11.026092742510485
1666,2501.0,11.026092742510485
1667,1037.0,8.0
1668,1950.0,11.006532219379839
1669,2536.0,12.05218548502097
1670,7860.0,11.026092742510487
1671,1688.0,11.0
1672,2666.0,11.026092742510485
1673,1642.0,12.0
1674,736.0,7.0
1675,744.0,7.0
1676,73.0,10.0
1677,307.0,10.0
1678,1480.0,12.0
1679,71.0,10.0
1680,1001.0,8.0
1681,28.0,10.0
1682,619.0,7.0
1683,793.0,7.0
1684,4215.0,11.026092742510487
1685,626.0,7.0
1686,1186.0,11.0
1687,133.0,10.0
1688,683.0,7.0
1689,3094.0,12.052185485020972
1690,573.0,10.0
1691,144.0,10.0
1692,368.0,11.0
1693,664.0,10.0
1694,2332.0,11.026092742510487
1695,1398.0,12.0
1696,2917.0,12.052185485020972
1697,58.0,10.0
1698,376.0,10.0
1699,1489.0,12.0
1700,5754.0,11.026092742510485
1701,748.0,7.0
1702,770.0,8.0
1703,504.0,10.0
1704,50.0,10.0
1705,64.0,10.0
1706,5487.0,11.026092742510485
1707,744.0,8.0
1708,767.0,10.0
1709,801.0,8.0
1710,875.0,8.0
1711,576.0,10.0
1712,577.0,10.0
1713,450.0,10.0
1714,618.0,8.0
1715,752.0,8.0
1716,2090.0,11.026092742510485
1717,769.0,10.0
1718,804.0,10.0
1719,741.0,7.0
1720,1369.0,12.0
1721,1284.0,11.0
1722,555.0,10.0
1723,1165.0,10.0
1724,2097.0,11.026092742510485
1725,1437.0,11.0
1726,1161.0,11.0
1727,611.0,6.0
1728,711.0,8.0
1729,1324.0,12.0
1730,616.0,8.0
1731,2814.0,7.947814514979028
1732,905.0,10.0
1733,439.0,10.0
1734,855.0,10.0
1735,155.0,10.0
1736,348.0,10.0
1737,97.0,10.0
1738,2011.0,12.043860329488547
1739,275.0,10.0
1740,867.0,9.0
1741,303.0,10.0
1742,433.0,10.0
1743,133.0,10.0
1744,97.0,10.0
1745,427.0,10.0
1746,546.0,10.0
1747,56.0,10.0
1748,234.0,10.0
1749,1037.0,8.0
1750,1092.0,10.0
1751,143.0,10.0
1752,692.0,7.0
1753,407.0,10.0
1754,924.0,8.0
1755,1143.0,11.0
1756,1352.0,12.0
1757,749.0,8.0
1758,395.0,10.0
1759,118.0,10.0
1760,1058.0,8.0
1761,155.0,10.0
1762,326.0,10.0
1763,604.0,10.0
1764,617.0,10.0
1765,572.0,10.0
1766,472.0,10.0
1767,266.0,10.0
1768,899.0,8.0
1769,48.0,10.0
1770,140.0,10.0
1771,115.0,10.0
1772,56.0,10.0
1773,120.0,10.0
1774,470.0,10.0
1775,148.0,10.0
1776,2122.0,12.05218548502097
1777,2476.0,12.05218548502097
1778,3505.0,11.026092742510485
1779,5932.0,11.026092742510485
1780,15295.0,11.026092742510487
1781,6353.0,11.026092742510485
1782,1214.0,10.0
1783,1719.0,12.0
1784,5797.0,11.026092742510484
1785,3662.0,11.026092742510485
1786,10325.0,11.026092742510484
1787,3394.0,11.026092742510487
1788,8537.0,11.026092742510487
1789,4714.0,11.026092742510487
1790,2581.0,11.026092742510485
1791,2808.0,12.05218548502097
1792,3680.0,11.026092742510485
1793,1270.0,11.0
1794,3971.0,11.026092742510484
1795,1392.0,11.0
1796,5669.0,11.026092742510485
1797,1446.0,11.0
1798,15867.0,11.026092742510487
1799,14496.0,11.026092742510485
1800,2308.0,12.052185485020972
1801,5959.0,11.026092742510487
1802,5815.0,11.026092742510485
1803,10183.0,11.026092742510487
1804,11975.0,11.026092742510487
1805,414.0,10.0
1806,378.0,11.0
1807,184.0,10.0
1808,369.0,10.0
1809,285.0,10.0
1810,44100.0,9.999999999999998
1811,414800.0,10.0
1812,575447.0,9.999999999999998
1813,70343.0,10.0
1814,22103.0,10.0
1815,129502.0,10.0
1816,72868.0,10.0
1817,125795.0,9.999999999999998
1818,23944.0,10.0
1819,205569.0,10.0
1820,20788.0,10.0
1821,195047.0,10.0
1822,236961.0,10.0
1823,14166.0,10.0
1824,695162.0,10.000000000000002
1825,611083.0,9.999999999999998
1826,40971.0,10.0
1827,77499.0,10.0
1828,14330.0,9.999999999999998
1829,28667.0,10.0
1830,101794.0,10.0
1831,66662.0,10.0
1832,43344.0,10.0
1833,400167.0,10.0
1834,37140.0,11.58851024112791
1835,13381.0,9.255813078283726
1836,8167.0,10.817350802426601
1837,5992.0,14.921721772468542
1838,12584.0,16.973907257489515
1839,4796.0,13.895629029958057
1840,27159.0,12.488203059972045
1841,10900.0,9.144061740984798
1842,11197.0,8.765165317405627
1843,5534.0,11.843443544937086
1844,2920.0,9.791258059916114
1845,15947.0,14.921721772468542
1846,2244.0,18.0
1847,2731.0,11.843443544937086
1848,18518.0,9.396829058836307
1849,6339.0,12.86953628744757
1850,385.0,18.0
1851,1439.0,12.0
1852,2599.0,12.86953628744757
1853,1228.0,11.0
1854,4809.0,11.843443544937085
1855,1151.0,13.0
1856,545.0,18.0
1857,5114.0,12.86953628744757
1858,544.0,18.0
1859,1448.0,18.0
1860,2146.0,11.843443544937086
1861,4688.0,11.843443544937085
1862,3884.0,12.869536287447572
1863,796.0,18.0
1864,140.0,18.0
1865,179.0,18.0
1866,1190.0,12.0
1867,7392.0,12.869536287447572
1868,1268.0,13.0
1869,685.0,18.0
1870,25163.0,12.86953628744757
1871,1339.0,12.0
1872,702.0,18.0
1873,579.0,18.0
1874,2308.0,11.843443544937085
1875,1637.0,13.0
1876,375.0,18.0
1877,430.0,18.0
1878,1131.0,12.0
1879,4635.0,12.86953628744757
1880,731.0,18.0
1881,7809.0,10.817350802426601
1882,25438.0,12.463368123993462
1883,4570.0,9.791258059916114
1884,23121.0,12.424332373565132
1885,5141.0,10.8173508024266
1886,15326.0,12.211602176491409
1887,11956.0,9.791258059916116
1888,33994.0,12.8173508024266
1889,6515.0,9.791258059916114
1890,18383.0,14.921721772468546
1891,66884.0,13.671134461793802
1892,21001.0,11.843443544937086
1893,14733.0,13.895629029958057
1894,11341.0,11.843443544937088
1895,9127.0,9.791258059916112
1896,10379.0,11.843443544937085
1897,12309.0,13.895629029958055
1898,13491.0,11.843443544937088
1899,30164.0,12.52498806235978
1900,12605.0,11.843443544937086
1901,447.0,18.0
1902,1065.0,18.0
1903,3442.0,11.843443544937085
1904,100.0,18.0
1905,4312.0,11.843443544937085
1906,3753.0,13.895629029958057
1907,2776.0,11.843443544937086
1908,13123.0,12.869536287447572
1909,22132.0,12.405287518494356
1910,28980.0,12.86953628744757
1911,6611.0,12.86953628744757
1912,21390.0,11.843443544937083
1913,2871.0,11.843443544937085
1914,6395.0,11.415659701866279
1915,18806.0,9.791258059916112
1916,4676.0,11.843443544937086
1917,5103.0,11.843443544937086
1918,33294.0,10.563372737493816
1919,11096.0,21.07827822753146
1920,23445.0,11.843443544937086
1921,60079.0,12.8173508024266
1922,8742.0,12.688326159743578
1923,3935.0,12.86953628744757
1924,14264.0,12.86953628744757
1925,5195.0,10.817350802426601
1926,40457.0,12.86953628744757
1927,6311.0,11.843443544937085
1928,2744.0,9.791258059916114
1929,5887.0,13.895629029958057
1930,14564.0,11.218424339416625
1931,18703.0,12.86953628744757
1932,39494.0,11.843443544937086
1933,5536.0,12.869536287447573
1934,4199.0,11.843443544937085
1935,32041.0,9.791258059916114
1936,7150.0,12.86953628744757
1937,15750.0,12.228269230242159
1938,9190.0,11.843443544937086
1939,4835.0,10.8173508024266
1940,2544.0,13.895629029958055
1941,3555.0,11.843443544937086
1942,1325.0,18.0
1943,1609.0,13.0
1944,1256.0,13.0
1945,954.0,18.0
1946,1306.0,18.0
1947,1443.0,11.0
1948,3616.0,12.86953628744757
1949,1267.0,11.0
1950,1306.0,10.0
1951,12024.0,12.869536287447572
1952,267.0,18.0
1953,561.0,18.0
1954,1305.0,18.0
1955,527.0,18.0
1956,90.0,18.0
1957,7141.0,11.843443544937085
1958,898.0,18.0
1959,2531.0,12.869536287447573
1960,6420.0,13.895629029958059
1961,321.0,18.0
1962,1552.0,10.0
1963,1346.0,18.0
1964,2071.0,11.843443544937085
1965,686.0,18.0
1966,767.0,18.0
1967,1183.0,18.0
1968,21813.0,12.312175102037326
1969,985.0,10.0
1970,2829.0,12.86953628744757
1971,843.0,18.0
1972,39939.0,12.8173508024266
1973,12086.0,11.843443544937086
1974,797.0,18.0
1975,3587.0,18.0
1976,2363.0,12.869536287447572
1977,26537.0,10.817350802426601
1978,11694.0,12.869536287447572
1979,14627.0,10.8173508024266
1980,5642.0,12.869536287447573
1981,663.0,18.0
1982,9363.0,11.843443544937086
1983,1004.0,10.0
1984,6621.0,11.843443544937086
1985,103343.0,11.791258059916116
1986,378.0,18.0
1987,1222.0,14.0
1988,21168.0,12.86953628744757
1989,15712.0,11.261391133578018
1990,11064.0,11.843443544937083
1991,11487.0,9.791258059916112
1992,10556.0,12.869536287447572
1993,1023.0,18.0
1994,726.0,18.0
1995,12137.0,12.869536287447572
1996,751.0,18.0
1997,4713.0,13.895629029958057
1998,3366.0,11.843443544937085
1999,2439.0,12.869536287447573
2000,1388.0,18.0
2001,358.0,18.0
2002,18328.0,12.869536287447572
2003,948.0,12.0
2004,549.0,18.0
2005,4789.0,10.817350802426601
2006,10542.0,12.869536287447572
2007,7462.0,10.8173508024266
2008,1439.0,18.0
2009,2207.0,11.843443544937085
2010,1033.0,18.0
2011,15570.0,10.8173508024266
2012,28824.0,11.843443544937086
2013,2093.0,18.0
2014,10699.0,13.895629029958059
2015,6489.0,11.843443544937083
2016,9266.0,11.843443544937085
2017,15080.0,9.312431940493283
2018,25385.0,9.791258059916114
2019,3735.0,11.843443544937086
2020,18010.0,10.359040065918569
2021,51666.0,13.621333368502649
2022,3892.0,18.0
2023,23212.0,12.426006525155401
2024,12786.0,12.86953628744757
2025,21766.0,12.869536287447572
2026,2713.0,11.843443544937086
2027,16028.0,11.27220063361193
2028,31181.0,12.48529731372549
2029,7997.0,13.895629029958055
2030,10581.0,12.869536287447573
2031,11292.0,11.843443544937085
2032,14098.0,13.895629029958055
2033,20220.0,12.36343225373231
2034,4232.0,10.81315713756999
2035,7799.0,21.078278227531456
2036,56433.0,10.614431458040432
2037,30063.0,10.53694468269219
2038,22551.0,9.464409201953877
2039,8237.0,12.86953628744757
2040,36089.0,12.526782681731873
2041,18378.0,12.315292737904967
2042,25196.0,9.497426816608172
2043,50544.0,10.597205635543059
2044,11660.0,21.07827822753146
2045,9038.0,12.869536287447572
2046,17491.0,13.259948234224838
2047,3102.0,12.869536287447572
2048,4701.0,13.89562902995806
2049,43137.0,13.629418399175526
2050,16292.0,9.791258059916112
2051,5422.0,12.869536287447573
2052,14124.0,11.843443544937085
2053,22430.0,12.86953628744757
2054,6038.0,12.869536287447572
2055,10486.0,11.843443544937086
2056,18884.0,11.843443544937086
2057,34680.0,12.517871971917037
2058,18679.0,12.86953628744757
2059,10150.0,10.8173508024266
2060,17404.0,10.8173508024266
2061,7090.0,13.895629029958057
2062,16585.0,10.817350802426597
2063,15165.0,12.205044201774498
2064,23543.0,9.477626815176997
2065,10128.0,11.843443544937085
2066,3348.0,12.869536287447572
2067,12405.0,12.869536287447573
2068,28726.0,12.508313449906726
2069,33744.0,11.791258059916114
2070,18177.0,12.86953628744757
2071,6017.0,13.895629029958059
2072,20677.0,12.374108245481246
2073,4217.0,12.86953628744757
2074,13954.0,9.791258059916114
2075,24565.0,12.869536287447572
2076,8242.0,11.843443544937086
2077,9752.0,10.8173508024266
2078,10367.0,10.817350802426601
2079,7265.0,13.895629029958057
2080,20470.0,12.369328852751483
2081,23565.0,13.895629029958055
2082,7856.0,11.65585017927869
2083,20434.0,12.368488225090891
2084,6111.0,13.895629029958057
2085,49093.0,13.843443544937086
2086,20591.0,21.078278227531456
2087,12163.0,9.791258059916114
2088,18153.0,16.973907257489515
2089,16456.0,12.869536287447573
2090,18109.0,13.280520153496786
2091,11370.0,12.945077402528662
2092,38614.0,12.86953628744757
2093,8517.0,11.843443544937085
2094,12349.0,11.843443544937085
2095,18556.0,12.869536287447572
2096,64431.0,13.843443544937086
2097,8293.0,14.921721772468542
2098,13031.0,12.869536287447572
2099,10992.0,12.86953628744757
2100,5901.0,11.843443544937086
2101,10816.0,11.843443544937085
2102,7488.0,12.869536287447572
2103,18942.0,12.869536287447572
2104,6966.0,11.52003742509099
2105,11661.0,12.869536287447572
2106,9818.0,11.843443544937086
2107,4284.0,11.843443544937086
2108,21701.0,12.869536287447572
2109,5802.0,13.895629029958059
2110,15581.0,13.186667393262239
2111,8626.0,12.86953628744757
2112,13066.0,12.105796800874788
2113,50884.0,12.66261750067624
2114,2091.0,9.791258059916114
2115,4376.0,12.86953628744757
2116,12689.0,10.8173508024266
2117,15966.0,13.895629029958057
2118,18047.0,13.278516589421468
2119,5700.0,12.869536287447572
2120,11499.0,11.843443544937085
2121,383210.0,12.69099848121829
2122,9571.0,12.869536287447573
2123,20157.0,12.869536287447572
2124,13792.0,12.869536287447573
2125,4884.0,10.817350802426601
2126,7946.0,12.86953628744757
2127,12503.0,12.073923500144685
2128,3785.0,11.843443544937085
2129,3005.0,9.791258059916116
2130,6541.0,13.895629029958057
2131,4418.0,11.843443544937088
2132,3613.0,11.843443544937085
2133,2839.0,9.791258059916112
2134,9940.0,12.86953628744757
2135,8549.0,13.895629029958059
2136,6428.0,11.843443544937085
2137,8544.0,11.843443544937086
2138,1644.0,12.0
2139,17942.0,12.869536287447572
2140,10662.0,11.843443544937083
2141,14901.0,12.86953628744757
2142,1880.0,11.0
2143,4602.0,9.791258059916114
2144,14700.0,12.185347646867221
2145,4332.0,11.843443544937085
2146,3707.0,11.843443544937086
2147,5308.0,11.843443544937088
2148,8698.0,12.86953628744757
2149,24513.0,12.869536287447572
2150,7500.0,11.843443544937085
2151,4246.0,13.895629029958059
2152,17494.0,12.869536287447572
2153,10151.0,10.817350802426601
2154,1990.0,18.0
2155,851.0,18.0
2156,11450.0,12.869536287447572
2157,11722.0,10.817350802426597
2158,3873.0,11.843443544937086
2159,1511.0,12.0
2160,8864.0,11.843443544937086
2161,3245.0,13.895629029958059
2162,1013.0,18.0
2163,1475.0,18.0
2164,2731.0,13.895629029958057
2165,1069.0,18.0
2166,7387.0,12.86953628744757
2167,24488.0,11.843443544937086
2168,6581.0,12.86953628744757
2169,9785.0,9.791258059916112
2170,7594.0,12.869536287447572
2171,6718.0,12.86953628744757
2172,7917.0,12.86953628744757
2173,7110.0,10.8173508024266
2174,5855.0,11.843443544937083
2175,6327.0,11.843443544937086
2176,10107.0,12.86953628744757
2177,3859.0,9.791258059916112
2178,13507.0,11.843443544937085
2179,13196.0,12.86953628744757
2180,5356.0,12.869536287447572
2181,2598.0,9.791258059916114
2182,6362.0,13.895629029958059
2183,7660.0,12.86953628744757
2184,80445.0,14.86953628744757
2185,9199.0,8.0
2186,6573.0,8.0
2187,89847.0,8.0
2188,21797.0,8.0
2189,20561.0,8.0
2190,11701.0,8.0
2191,5675.0,8.0
2192,47546.0,8.0
2193,78051.0,8.0
2194,15418.0,8.0
2195,112106.0,8.0
2196,29070.0,8.0
2197,95756.0,8.0
2198,37361.0,8.0
2199,21499.0,8.0
2200,20968.0,8.0
2201,24621.0,8.0
2202,23548.0,8.0
2203,59022.0,8.0
2204,11091.0,8.0
2205,28428.0,8.0
2206,19535.0,8.0
2207,80679.0,8.0
2208,27721.0,8.0
2209,299774.0,8.0
2210,19785.0,8.0
2211,10776.0,8.0
2212,75063.0,8.0
2213,26203.0,8.0
2214,32564.0,8.0
2215,24056.0,8.0
2216,23304.0,8.0
2217,189039.0,8.0
2218,43997.0,8.0
2219,20274.0,8.0
2220,9275.0,8.0
2221,41262.0,8.0
2222,111930.0,8.0
2223,184947.0,8.0
2224,14973.0,8.0
2225,465443.0,8.0
2226,1900.0,8.0
2227,9384.0,8.0
2228,67539.0,8.0
2229,19974.0,8.0
2230,69769.0,8.0
2231,153254.0,8.0
2232,4052.0,8.0
2233,9187.0,8.0
2234,648010.0,8.0
2235,19469.0,8.0
2236,48192.0,8.0
2237,22652.0,8.0
2238,28984.0,8.0
2239,17242.0,8.0
2240,61629.0,8.0
2241,11625.0,8.0
2242,115474.0,8.0
2243,45670.0,8.0
2244,8093.0,8.0
2245,127798.0,8.0
2246,37692.0,8.0
2247,927205.0,8.0
2248,19606.0,8.0
2249,16682.0,8.0
2250,4726.0,8.0
2251,17095.0,8.0
2252,6801.0,8.0
2253,20564.0,8.0
2254,214712.0,8.0
2255,10883.0,8.0
2256,20456.0,8.0
2257,135731.0,8.0
2258,122248.0,8.0
2259,40345.0,8.0
2260,29309.0,8.0
2261,6469.0,8.0
2262,51396.0,8.0
2263,38365.0,8.0
2264,54432.0,8.0
2265,267718.0,8.0
2266,1219247.0,8.0
2267,25649.0,8.0
2268,12179.0,6.0
2269,249126.0,8.079790815288293
2270,23653.0,5.96994508298186
2271,31162.0,4.224023342682839
2272,27168.0,5.060249165918804
2273,3313.0,5.999999999999999
2274,43472.0,5.098749886979851
2275,17355.0,7.127898565726662
2276,24385.0,5.972317733723111
2277,79297.0,7.089614903137211
2278,23182.0,8.050053421189032
2279,7451.0,7.078278227531459
2280,41087.0,7.953061540390866
2281,41124.0,6.097859026476694
2282,5550.0,4.0521854850209715
2283,4155.0,6.052185485020971
2284,7110.0,14.869536287447572
2285,49376.0,8.0
2286,304251.0,9.999999999999998
2287,14529.0,6.104370970041944
2288,29095.0,7.984822601026343
2289,9104.0,15.895629029958057
2290,14361.0,6.052185485020972
2291,19838.0,6.099422139793144
2292,33421.0,5.162125901823077
2293,4096.0,12.8173508024266
2294,855150.0,8.056429768112126
2295,13341.0,4.104370970041943
2296,15963.0,7.932634657412489
2297,30170.0,7.026092742510486
2298,31770.0,8.05218548502097
2299,6700.0,8.052185485020972
2300,11360.0,6.052185485020971
2301,27688.0,6.104370970041942
2302,2909.0,12.362574964710799
2303,7913.0,13.843443544937086
2304,4577.0,5.999999999999999
2305,7978.0,6.0521854850209715
2306,2845.0,7.026092742510485
2307,20134.0,7.078278227531457
2308,3785.0,6.052185485020971
2309,15811.0,5.130463712552428
2310,25109.0,7.037477617494948
2311,2984.0,5.999999999999999
2312,5895.0,13.578956870946215
2313,12898.0,7.001597176616521
2314,15837.0,8.052185485020972
2315,18237.0,7.078278227531459
2316,23643.0,7.035049172946075
2317,23742.0,5.9702410618364405
2318,5475.0,14.869536287447572
2319,22743.0,7.078278227531457
2320,10393.0,7.078278227531459
2321,4059.0,5.078278227531458
2322,110404.0,4.079790815288292
2323,42746.0,5.130463712552429
2324,8723.0,5.026092742510486
2325,19814.0,6.932150882728056
2326,5655.0,7.026092742510485
2327,18906.0,8.049595144588995
2328,8210.0,13.843443544937085
2329,339565.0,10.0
2330,2486.0,13.843443544937085
2331,9813.0,7.078278227531458
2332,9512.0,13.843443544937086
2333,43248.0,7.054208139754504
2334,6213.0,7.026092742510486
2335,10041.0,7.026092742510487
2336,140855.0,7.042322326084095
2337,105744.0,9.954965288258373
2338,68237.0,10.0
2339,10017.0,5.078278227531458
2340,104220.0,7.089044420436425
2341,24387.0,13.843443544937085
2342,5890.0,6.0521854850209715
2343,5864.0,6.0
2344,15872.0,8.052185485020972
2345,2129.0,12.8173508024266
2346,15414.0,6.0521854850209715
2347,9469.0,4.104370970041943
2348,12121.0,8.052185485020972
2349,197630.0,7.187342446020985
2350,5959.0,5.760462453029323
2351,4047.0,7.026092742510484
2352,32327.0,4.104370970041943
2353,103948.0,6.051575931232228
2354,6253.0,6.0521854850209715
2355,18215.0,4.0
2356,24126.0,4.0
2357,9646.0,4.0
2358,11267.0,4.0
2359,6048.0,4.0
2360,19222.0,2.0
2361,9039.0,4.0
2362,7318.0,4.0
2363,11193.0,4.0
2364,5013.0,5.14276452845342
2365,6284.0,4.0
2366,11192.0,4.0
2367,13471.0,4.0
2368,13427.0,4.0
2369,18545.0,4.0
2370,14240.0,2.0
2371,131521.0,8.0
2372,44276.0,4.0
2373,5831.0,4.0
2374,15893.0,4.0
2375,7789.0,4.0
2376,13751.0,4.0
2377,36527.0,4.0
2378,150904.0,10.000000000000002
2379,168534.0,9.06568337326026
2380,12967.0,2.0
2381,6395.0,2.0
2382,823.0,2.0
2383,14949.0,2.0
2384,90184.0,2.0
2385,10980.0,4.0
2386,8410.0,4.0
2387,5230.0,4.0
2388,45283.0,4.0
2389,7001.0,4.0
2390,33211.0,5.999999999999999
2391,38929.0,4.0
2392,41503.0,7.026092742510486
2393,8108.0,2.0
2394,13131.0,2.0
2395,51829.0,7.026092742510485
2396,19356.0,4.0
2397,21608.0,4.0
2398,38072.0,4.0
2399,77494.0,8.0
2400,16320.0,4.0
2401,25486.0,4.0
2402,23326.0,4.0
2403,6252.0,4.0
2404,17254.0,6.0
2405,13182.0,6.000000000000001
2406,7308.0,2.0
2407,28151.0,4.0
2408,22667.0,5.999999999999999
2409,37502.0,6.0
2410,8491.0,4.0
2411,24695.0,4.0
2412,20906.0,4.0
2413,14601.0,4.0
2414,4560.0,4.0
2415,101038.0,8.0
2416,14863.0,4.0
2417,2993.0,2.0
2418,17008.0,4.0
2419,11208.0,4.0
2420,11345.0,6.000000000000001
2421,11858.0,4.0
2422,9678.0,2.0
2423,18823.0,4.0
2424,13808.0,4.0
2425,13359.0,4.0
2426,5851.0,2.0
2427,17084.0,2.0
2428,10319.0,2.0
2429,25430.0,4.074757773035877
2430,26819.0,2.0
2431,13348.0,4.0
2432,6487.0,4.0
2433,6370.0,4.0
2434,11602.0,6.000000000000001
2435,8229.0,8.052185485020972
2436,18992.0,4.0
2437,13727.0,9.026092742510485
2438,12670.0,9.999999999999998
2439,3619.0,10.000000000000002
2440,14256.0,2.0
2441,22084.0,6.0
2442,8345.0,10.0
2443,11195.0,2.0
2444,14696.0,4.0
2445,8275.0,7.078278227531458
2446,116795.0,6.000000000000001
2447,49485.0,2.0
2448,26647.0,8.0
2449,6225.0,10.0
2450,28559.0,4.0
2451,32781.0,5.9478145149790285
2452,52283.0,2.0
2453,5979.0,2.0
2454,3889.0,8.0
2455,78435.0,4.921721772468543
2456,9389.0,8.0
2457,5179.0,10.0
2458,63814.0,4.0
2459,4969.0,4.0
2460,172681.0,2.0
2461,15201.0,10.0
2462,51963.0,2.0
2463,11476.0,6.000000000000001
2464,15783.0,10.000000000000002
2465,5740.0,2.0
2466,11381.0,2.9739072574895142
2467,5197.0,2.0
2468,6397.0,11.999999999999998
2469,9832.0,10.000000000000002
2470,9612.0,4.0
2471,16477.0,10.0
2472,73638.0,2.0
2473,10322.0,10.0
2474,4584.0,9.999999999999998
2475,191266.0,7.976638952823835
2476,5978.0,10.000000000000002
2477,5089.0,6.104370970041943
2478,15002.0,4.0
2479,6892.0,2.9739072574895147
2480,3065.0,7.026092742510487
2481,6402.0,1.9478145149790285
2482,26183.0,10.0
2483,6457.0,6.104370970041943
2484,255078.0,11.971785115943936
2485,76136.0,7.078278227531457
2486,157148.0,7.976638952823834
2487,31303.0,5.015856754153845
2488,2433.0,2.0
2489,23325.0,8.0
2490,21915.0,10.0
2491,24694.0,2.0
2492,6230.0,7.078278227531458
2493,42453.0,7.954537536343154
2494,7920.0,2.0
2495,8995.0,10.0
2496,14047.0,10.000000000000002
2497,10133.0,6.8049385682949906
2498,8589.0,2.0
2499,6111.0,10.0
2500,18371.0,2.0
2501,2393.0,10.0
2502,17928.0,2.973907257489514
2503,7501.0,3.947814514979028
2504,9219.0,4.0
2505,6037.0,2.0
2506,7970.0,8.0
2507,13128.0,3.947814514979029
2508,10329.0,2.0
2509,40408.0,10.0
2510,12578.0,7.078278227531458
2511,6794.0,2.0
2512,9957.0,7.078278227531457
2513,6676.0,2.0
2514,9601.0,7.026092742510486
2515,13007.0,13.999999999999998
2516,25590.0,2.0
2517,27179.0,6.000000000000001
2518,10503.0,9.999999999999998
2519,74173.0,5.090387771339801
2520,20734.0,6.0
2521,23876.0,2.0
2522,3237.0,9.999999999999998
2523,7768.0,4.0
2524,15273.0,7.026092742510486
2525,16209.0,10.0
2526,4311.0,10.0
2527,8489.0,2.0
2528,281612.0,7.078278227531457
2529,6657.0,4.0
2530,13130.0,4.0
2531,39958.0,12.0
2532,677684.0,6.0
2533,12828.0,10.0
2534,2563.0,10.0
2535,2547.0,12.0
2536,24332.0,13.999999999999996
2537,5625.0,2.0
2538,4123.0,2.0
2539,18592.0,3.9478145149790285
2540,24588.0,2.0
2541,3700.0,4.583879387888316
2542,35540.0,10.0
2543,16650.0,7.026092742510486
2544,12131.0,8.0
2545,26519.0,10.000000000000002
2546,14783.0,2.9739072574895142
2547,8255.0,3.9478145149790285
2548,25214.0,5.026092742510486
2549,1429.0,20.0
2550,12314.0,8.0
2551,200980.0,8.0
2552,198560.0,2.0
2553,6376.0,6.482595097011328
2554,6275.0,7.465396932304391
2555,3578.0,6.000000000000001
2556,5432.0,4.973907257489513
2557,8218.0,6.0
2558,938.0,6.0
2559,44333.0,5.9125200344947775
2560,3348.0,6.0
2561,6638.0,6.0
2562,1051.0,6.0
2563,5179.0,6.0
2564,5552.0,6.000000000000001
2565,1690.0,6.0
2566,7355.0,5.999999999999999
2567,70920.0,6.166789479794444
2568,80396.0,4.196818977481015
2569,864.0,6.0
2570,6588.0,7.674437934584622
2571,576.0,6.0
2572,2434.0,6.90896577494879
2573,7938.0,6.0
2574,9235.0,6.360091213046499
2575,1475.0,6.0
2576,19364.0,6.189588486520922
2577,47121.0,6.247552816649981
2578,1129.0,6.0
2579,13568.0,6.0
2580,1199.0,6.0
2581,7367.0,5.999999999999999
2582,1293.0,6.0
2583,3321.0,9.078278227531458
2584,83235.0,6.095132743571784
2585,3413.0,6.0
2586,13156.0,6.267102920002807
2587,366.0,6.0
2588,2428.0,7.026092742510485
2589,3369.0,3.947814514979028
2590,1205.0,6.0
2591,3663.0,5.999999999999999
2592,759.0,6.0
2593,32749.0,6.233238282838132
2594,6166.0,6.0
2595,5126.0,4.299240602033998
2596,4364.0,6.0
2597,9418.0,6.708667884862384
2598,2131.0,7.026092742510484
2599,21099.0,6.175365346361958
2600,6530.0,3.9478145149790285
2601,2619.0,6.000000000000001
2602,3996.0,9.078278227531458
2603,2353.0,8.05218548502097
2604,489.0,6.0
2605,4629.0,9.078278227531456
2606,1318.0,4.0
2607,627.0,6.0
2608,95575.0,6.142171965822848
2609,18554.0,6.0
2610,4261.0,5.999999999999999
2611,335.0,6.0
2612,506.0,6.0
2613,345.0,6.0
2614,3574.0,6.0
2615,6417.0,6.0
2616,1268.0,6.0
2617,2011.0,6.0
2618,29913.0,6.0
2619,4686.0,6.0
2620,5559.0,6.000000000000001
2621,18994.0,6.0
2622,5663.0,6.0
2623,2320.0,5.999999999999999
2624,3552.0,6.000000000000001
2625,5960.0,6.0
2626,4018.0,6.0
2627,4943.0,6.0
2628,5550.0,6.0
2629,7375.0,6.000000000000001
2630,9679.0,6.0
2631,4652.0,6.0
2632,12304.0,6.000000000000001
2633,1327.0,6.0
2634,3448.0,6.0
2635,21186.0,6.000000000000001
2636,344771.0,6.142171965822847
2637,1165.0,6.0
2638,3851.0,6.0
2639,2029.0,5.999999999999999
2640,1778.0,6.0
2641,3204.0,6.0
2642,14006.0,6.505886018493741
2643,1306.0,6.0
2644,1258.0,6.0
2645,1383.0,6.0
2646,438.0,6.0
2647,1533.0,6.0
2648,31577.0,6.241372689003843
2649,6766.0,6.0
2650,2244.0,6.000000000000001
2651,600.0,6.0
2652,1809.0,6.0
2653,6821.0,6.0
2654,521.0,6.0
2655,4478.0,6.0
2656,4595.0,6.0
2657,2771.0,6.000000000000001
2658,4457.0,5.999999999999999
2659,5281.0,6.0
2660,623.0,6.0
2661,2396.0,6.0
2662,5361.0,6.0
2663,193129.0,6.142171965822846
2664,21345.0,6.347039236376489
2665,535.0,6.0
2666,506.0,6.0
2667,338.0,6.0
2668,20694.0,6.0
2669,5093.0,6.0
2670,2906.0,6.0
2671,2326.0,5.999999999999999
2672,4367.0,6.0
2673,2916.0,6.0
2674,10291.0,6.0
2675,1717.0,6.0
2676,1776.0,6.0
2677,6048.0,6.000000000000001
2678,4781.0,5.999999999999999
2679,19853.0,6.000000000000001
2680,3520.0,6.0
2681,6767.0,5.999999999999999
2682,4985.0,6.000000000000001
2683,1043.0,6.0
2684,7437.0,6.0
2685,122974.0,6.0
2686,16204.0,6.0
2687,21056.0,6.000000000000001
2688,11183.0,6.0
2689,3249.0,6.0
2690,2066.0,6.0
2691,807.0,6.0
2692,3610.0,6.000000000000001
2693,3480.0,6.0
2694,467.0,6.0
2695,3421.0,5.999999999999999
2696,2839.0,5.999999999999999
2697,15110.0,6.0
2698,4978.0,6.0
2699,2231.0,5.999999999999999
2700,555.0,6.0
2701,8788.0,5.999999999999999
2702,16457.0,8.0
2703,1507069.0,8.005032124724806
2704,40533.0,8.0
2705,26332.0,8.0
2706,607.0,4.288314709315275
2707,1101.0,3.5220403200191996
2708,8994.0,8.0
2709,3347.0,4.0
2710,2635.0,8.0
2711,44683.0,8.0
2712,2694.0,2.7318082187207344
2713,32974.0,0.07617874541438728
2714,3143.0,8.0
2715,3423.0,8.0
2716,316455.0,8.005032124724806
2717,4671.0,2.4450450466628895
2718,37858.0,7.950175506964179
2719,4978.0,3.9478145149790285
2720,3715.0,14.208741940083888
2721,5199.0,2.9217217724685423
2722,902.0,6.0
2723,6316.0,16.260927425104857
2724,3163.0,2.921721772468543
2725,11718.0,2.9217217724685427
2726,5671.0,13.182649197573399
2727,1980.0,13.0991557058358
2728,2499.0,15.234834682594371
2729,2787.0,13.182649197573403
2730,580.0,6.0
2731,2802.0,6.000000000000001
2732,657.0,6.0
2733,272.0,6.0
2734,7665.0,3.947814514979028
2735,392.0,6.0
2736,1200.0,6.0
2737,1427.0,6.0
2738,161.0,6.0
2739,53.0,6.0
2740,922.0,4.0
2741,2150.0,14.208741940083886
2742,4624.0,3.9478145149790285
2743,3385.0,13.182649197573399
2744,1333.0,6.0
2745,2270.0,13.182649197573399
2746,2302.0,6.0
2747,4271.0,15.23483468259437
2748,5843.0,2.9217217724685427
2749,1475.0,6.0
2750,2885.0,2.9217217724685427
2751,1339.0,6.0
2752,1782.0,3.0
2753,646.0,6.0
2754,867.0,6.0
2755,2341.0,3.9478145149790285
2756,3873.0,2.9217217724685427
2757,18168.0,2.9217217724685427
2758,1617.0,6.0
2759,556.0,6.0
2760,519.0,6.0
2761,870.0,6.0
2762,4945.0,13.182649197573399
2763,191.0,6.0
2764,1115.0,4.0
2765,487.0,6.0
2766,708.0,6.0
2767,5005.0,3.9478145149790285
2768,1517.0,6.0
2769,2821.0,2.9217217724685427
2770,1271.0,6.0
2771,2638.0,3.9478145149790285
2772,4980.0,2.9217217724685423
2773,646.0,3.0
2774,221.0,6.0
2775,1465.0,6.0
2776,466.0,6.0
2777,750.0,6.0
2778,6.0,6.0
2779,227.0,6.0
2780,301.0,6.0
2781,2025.0,15.22857312366784
2782,794.0,6.0
2783,2128.0,6.0
2784,962.0,3.0
2785,20.0,6.0
2786,1386.0,6.0
2787,730.0,6.0
2788,299.0,6.0
2789,340.0,6.0
2790,399.0,6.0
2791,588.0,6.0
2792,427.0,6.0
2793,27.0,6.0
2794,1735.0,6.0
2795,1322.0,6.0
2796,1548.0,5.0
2797,779.0,6.0
2798,273.0,6.0
2799,2165.0,7.026092742510485
2800,1049.0,6.0
2801,2462.0,12.156556455062915
2802,2642.0,2.9217217724685427
2803,2727.0,13.182649197573399
2804,303.0,6.0
2805,269.0,6.0
2806,82.0,6.0
2807,3432.0,2.9217217724685427
2808,1008.0,6.0
2809,973.0,3.0
2810,465.0,6.0
2811,9053.0,16.26092742510486
2812,3003.0,3.947814514979028
2813,591.0,6.0
2814,1775.0,6.0
2815,339.0,6.0
2816,11144.0,15.234834682594371
2817,1201.0,8.0
2818,1049.0,3.0
2819,4185.0,2.9217217724685423
2820,432.0,6.0
2821,1466.0,6.0
2822,652.0,6.0
2823,223.0,6.0
2824,975.0,6.0
2825,559.0,6.0
2826,5250.0,2.9217217724685427
2827,1205.0,6.0
2828,552.0,6.0
2829,2321.0,8.05218548502097
2830,593.0,6.0
2831,497.0,6.0
2832,739.0,6.0
2833,1016.0,5.0
2834,9227.0,16.260927425104853
2835,2071.0,9.078278227531458
2836,17431.0,13.1826491975734
2837,1091.0,6.0
2838,4238.0,15.234834682594373
2839,1377.0,6.0
2840,1368.0,3.0
2841,12699.0,16.260927425104857
2842,1236.0,6.0
2843,1280.0,6.0
2844,1482.0,6.0
2845,4161.0,2.9217217724685423
2846,6679.0,2.9217217724685427
2847,18569.0,2.921721772468543
2848,6485.0,2.9217217724685427
2849,1350.0,6.0
2850,67966.0,2.9217217724685427
2851,1089.0,6.0
2852,20893.0,2.9217217724685427
2853,11171.0,2.9217217724685427
2854,2139.0,6.000000000000001
2855,56494.0,16.260927425104857
2856,4785.0,13.182649197573399
2857,3926.0,14.208741940083886
2858,10655.0,2.9217217724685427
2859,5642.0,15.234834682594373
2860,346.0,6.0
2861,1114.0,6.0
2862,6636.0,2.921721772468543
2863,3101.0,5.999999999999999
2864,176.0,6.0
2865,3253.0,15.234834682594371
2866,1962.0,6.0
2867,2704.0,3.9478145149790285
2868,6424.0,16.260927425104857
2869,1292.0,6.0
2870,2028.0,16.26092742510486
2871,2170.0,6.0
2872,29810.0,16.260927425104857
2873,985.0,6.0
2874,2390.0,6.0
2875,3610.0,15.234834682594373
2876,5476.0,12.156556455062914
2877,3629.0,2.9217217724685427
2878,796.0,6.0
2879,11108.0,2.921721772468543
2880,4938.0,16.260927425104857
2881,4274.0,3.9478145149790276
2882,2016.0,2.9304865413291346
2883,3910.0,2.9217217724685427
2884,3417.0,2.9217217724685427
2885,5281.0,16.260927425104857
2886,2886.0,2.921721772468543
2887,1194.0,6.0
2888,1712.0,6.0
2889,2267.0,6.0
2890,1493.0,6.0
2891,1195.0,6.0
2892,5982.0,16.260927425104857
2893,4711.0,2.9217217724685423
2894,3550.0,2.9217217724685427
2895,3475.0,16.260927425104857
2896,4135.0,2.9217217724685427
2897,3378.0,2.9217217724685427
2898,3867.0,15.234834682594373
2899,21871.0,2.921721772468543
2900,1882.0,12.0
2901,6027.0,15.234834682594373
2902,13321.0,2.9217217724685423
2903,3653.0,14.208741940083888
2904,3336.0,13.182649197573403
2905,6874.0,16.260927425104857
2906,14151.0,2.9217217724685427
2907,1952.0,2.978865739632712
2908,1825.0,8.0
2909,4823.0,2.9217217724685423
2910,19080.0,3.947814514979029
2911,1049.0,3.0
2912,1413.0,13.0
2913,723.0,3.0
2914,7395.0,2.9217217724685427
2915,3560.0,2.921721772468543
2916,3953.0,2.921721772468543
2917,3552.0,3.947814514979029
2918,4237.0,2.9217217724685423
2919,5514.0,2.9217217724685427
2920,18166.0,16.260927425104857
2921,7768.0,4.757947032494077
2922,5427.0,13.182649197573399
2923,21869.0,2.9217217724685423
2924,4973.0,4.262071223181301
2925,6593.0,2.9217217724685427
2926,706.0,6.0
2927,6313.0,16.26092742510486
2928,11536.0,2.9217217724685427
2929,7388.0,2.9217217724685427
2930,23973.0,2.9217217724685427
2931,13247.0,2.9217217724685427
2932,4435.0,2.9217217724685427
2933,3516.0,13.1826491975734
2934,1562.0,6.0
2935,1443.0,3.0
2936,3445.0,15.234834682594371
2937,2295.0,3.9478145149790285
2938,21674.0,3.947814514979029
2939,2158.0,8.052185485020972
2940,7940.0,16.260927425104857
2941,3476.0,2.9217217724685427
2942,722.0,6.0
2943,3108.0,8.05218548502097
2944,7061.0,12.156556455062915
2945,1247.0,6.0
2946,674.0,6.0
2947,581.0,6.0
2948,3014.0,13.1826491975734
2949,506.0,6.0
2950,902.0,6.0
2951,4115.0,2.9217217724685427
2952,1929.0,6.0
2953,1097.0,3.0
2954,3109.0,2.9217217724685427
2955,1055.0,6.0
2956,1080.0,6.0
2957,186327.0,4.00652216655254
2958,639072.0,4.016583157120531
2959,338798.0,4.022110876160706
2960,359570.0,2.0
2961,71868.0,4.0
2962,90023.0,4.021054353149279
2963,509815.0,4.01956649965762
2964,209947.0,5.999999999999999
2965,371168.0,3.99347783344746
2966,99512.0,4.0
2967,241269.0,4.01956649965762
2968,533680.0,6.0
2969,472374.0,3.9934778334474594
2970,359544.0,4.0
2971,446635.0,2.0
2972,310528.0,4.0
2973,44863.0,6.032704644046323
2974,239016.0,3.99347783344746
2975,109411.0,4.0
2976,353756.0,6.0
2977,79764.0,5.990660501172024
2978,402014.0,11.999999999999998
2979,2902.0,8.0
2980,32548.0,12.0
2981,14375.0,7.291511783914471
2982,7613.0,8.0
2983,22313.0,6.000000000000001
2984,1240.0,6.0
2985,125262.0,12.0
2986,31902.0,12.0
2987,18779.0,7.81407278537998
2988,2802.0,8.0
2989,534.0,6.0
2990,2593.0,8.0
2991,33359.0,12.0
2992,13055.0,12.0
2993,14530.0,12.000000000000002
2994,12316.0,8.0
2995,42931.0,8.0
2996,3757.0,8.0
2997,34766.0,10.0
2998,5143.0,6.0
2999,23775.0,10.0
3000,9702.0,12.0
3001,103524.0,12.0
3002,73199.0,12.0
3003,16274.0,10.0
3004,104862.0,8.09006942348325
3005,7578.0,6.0
3006,9995.0,10.0
3007,24098.0,6.0
3008,9721.0,6.0
3009,2124.0,8.0
3010,45265.0,12.0
3011,209308.0,10.756227785866887
3012,26885.0,2.0
3013,722608.0,16.845726274914977
3014,129262.0,2.0467220943523303
3015,47764.0,5.999999999999999
3016,49451.0,2.0783096987018586
3017,80283.0,6.187300208490301
3018,52989.0,15.780469824427112
3019,30386.0,2.0
3020,50533.0,15.846669824087268
3021,46854.0,15.793598448573249
3022,29429.0,15.67535498373957
3023,30443.0,0.0
3024,207891.0,15.883194764119178
3025,638615.0,10.779588833043055
3026,25816.0,16.0
3027,27314.0,15.720875113262254
3028,34094.0,16.0
3029,38942.0,15.703240110872109
3030,33342.0,15.76988739191859
3031,4243.0,0.0
3032,40354.0,2.0
3033,61708.0,2.094500156706881
3034,1493804.0,16.84572627491498
3035,17570.0,6.0
3036,41099.0,0.09385015233972727
3037,44240.0,6.0
3038,499782.0,0.0
3039,30183.0,2.0633583983839068
3040,1009020.0,15.929916858471504
3041,998193.0,16.845726274914973
3042,143921.0,15.953277905647674
3043,138526.0,2.0450347117416245
3044,319961.0,2.0
3045,78661.0,15.92561399560849
3046,253339.0,15.883194764119175
3047,25540.0,2.0744477789178197
3048,78140.0,2.0499171901280895
3049,37007.0,2.0
3050,72566.0,15.865750010812532
3051,1242441.0,16.845726274914977
3052,108718.0,2.04672209435233
3053,313375.0,16.845726274914977
3054,212177.0,9.746974180718757
3055,62436.0,15.813169108419956
3056,181184.0,0.07008314152849499
3057,102993.0,9.695398249486528
3058,20802.0,15.81872790262915
3059,12803.0,0.0
3060,20909.0,15.368647996690266
3061,62579.0,2.0
3062,1086787.0,0.0
3063,50906.0,6.145725122179423
3064,32946.0,15.709002501221994
3065,60871.0,2.0
3066,130357.0,2.0
3067,47579.0,2.121992233544918
3068,39832.0,2.0
3069,60421.0,16.0
3070,640183.0,15.859833716943008
3071,25477.0,16.0
3072,14139.0,2.0
3073,107375.0,5.999999999999999
3074,24225.0,14.869536287447572
3075,7654.0,8.052185485020972
3076,14155.0,14.86953628744757
3077,19069.0,6.0
3078,11399.0,13.843443544937085
3079,31619.0,4.0
3080,11496.0,11.791258059916114
3081,21130.0,11.999999999999998
3082,128477.0,6.0
3083,195540.0,8.051575931232229
3084,55216.0,5.964861410971304
3085,146325.0,8.056429768112126
3086,51245.0,6.0133888991052284
3087,7644.0,11.791258059916114
3088,53487.0,5.978731771068958
3089,14437.0,6.000000000000001
3090,106164.0,3.925063021591607
3091,59682.0,5.934896065660093
3092,22128.0,6.0
3093,9503.0,4.0
3094,9285.0,13.843443544937086
3095,63755.0,8.011266808880546
3096,34023.0,6.0521854850209715
3097,69474.0,8.104370970041943
3098,182974.0,7.014107442028033
3099,22061.0,5.078278227531458
3100,30071.0,8.0
3101,111518.0,6.000000000000001
3102,31221.0,6.0
3103,29487.0,5.078278227531458
3104,221027.0,5.11240546761259
3105,33032.0,4.0506707393886
3106,249155.0,6.000000000000001
3107,51251.0,14.869536287447572
3108,144563.0,8.079790815288291
3109,7421.0,7.078278227531457
3110,5721.0,2.0
3111,38413.0,6.000753568122851
3112,10301.0,13.843443544937086
3113,349908.0,5.95327790564767
3114,31083.0,13.843443544937085
3115,82220.0,4.0
3116,44763.0,6.000000000000001
3117,83577.0,7.037468489204198
3118,12383.0,3.0260927425104858
3119,31354.0,3.0260927425104858
3120,2867.0,11.791258059916112
3121,132599.0,1.9478145149790285
3122,27831.0,6.000000000000001
3123,151609.0,8.103151862464458
3124,6692.0,11.791258059916114
3125,37112.0,6.0521854850209715
3126,35218.0,6.000000000000001
3127,64969.0,7.032192345677172
3128,28786.0,5.917792246750979
3129,26255.0,2.0
3130,15948.0,8.104370970041943
3131,15390.0,11.791258059916112
3132,727979.0,6.0
3133,10548.0,5.026092742510486
3134,15831.0,4.0
3135,73712.0,2.0
3136,65140.0,7.062176726496246
3137,167848.0,6.000000000000001
3138,11885.0,12.8173508024266
3139,111064.0,5.953277905647671
3140,103434.0,14.789296506802852
3141,9588.0,6.0
3142,26772.0,3.0260927425104853
3143,46286.0,5.916447397091008
3144,9585.0,6.000000000000001
3145,26498.0,7.078278227531458
3146,113154.0,6.108005699344355
3147,15630.0,5.999999999999999
3148,90805.0,7.089044420436426
3149,25374.0,5.026092742510486
3150,66063.0,13.843443544937085
3151,59054.0,6.104370970041943
3152,91950.0,8.033068720935962
3153,43005.0,5.999999999999999
3154,36130.0,13.843443544937088
3155,19711.0,5.999999999999999
3156,42636.0,6.056736692828574
3157,31201.0,12.817350802426597
3158,44969.0,6.0
3159,8960.0,2.0
3160,24754.0,5.999999999999999
3161,2153.0,11.791258059916112
3162,166656.0,6.000000000000001
3163,25615.0,3.9257621108614273
3164,790566.0,4.074936978408393
3165,12354.0,6.000000000000001
3166,7425.0,4.0
3167,41293.0,0.0
3168,68953.0,5.039842862428173
3169,42072.0,5.048426737283042
3170,49128.0,7.932935622041218
3171,23812.0,4.0
3172,13485.0,7.078278227531456
3173,1725.0,6.0
3174,8380.0,6.000000000000001
3175,4510.0,5.999999999999999
3176,675.0,6.0
3177,4955.0,6.000000000000001
3178,2315.0,6.0
3179,1580.0,6.0
3180,72005.0,6.0
3181,131950.0,6.0
3182,2975.0,6.0
3183,3630.0,6.0
3184,1785.0,6.0
3185,3235.0,6.000000000000001
3186,1755.0,6.0
3187,2600.0,5.999999999999999
3188,2510.0,6.0
3189,1435.0,6.0
3190,53255.0,6.0
3191,1785.0,6.0
3192,1845.0,6.0
3193,2020.0,6.0
3194,1895.0,6.0
3195,3240.0,6.0
3196,1405.0,6.0
3197,4415.0,5.999999999999999
3198,2065.0,6.000000000000001
3199,9360.0,5.999999999999999
3200,7370.0,6.0
3201,6420.0,6.0
3202,23860.0,6.0
3203,7325.0,6.0
3204,2255.0,5.999999999999999
3205,1465.0,6.0
3206,5310.0,6.0
3207,3140.0,6.000000000000001
3208,8690.0,6.0
3209,3985.0,6.0
3210,1800.0,6.0
3211,12645.0,6.000000000000001
3212,9500.0,6.0
3213,3100.0,6.0
3214,1080.0,6.0
3215,2825.0,6.0
3216,610.0,6.0
3217,22365.0,6.0
3218,1410.0,6.0
3219,16425.0,6.000000000000001
3220,1650.0,6.0
3221,6120.0,6.0
3222,7965.0,6.0
3223,50925.0,6.000000000000001
3224,3095.0,6.0
3225,24295.0,6.000000000000001
3226,17674.0,5.999999999999999
3227,46803.0,5.917351274144588
3228,34756.0,8.0
3229,61356.0,6.000000000000001
3230,32900.0,6.0
3231,24932.0,8.961004874801924
3232,34676.0,9.999999999999998
3233,29541.0,6.0
3234,254624.0,5.999999999999999
3235,16027.0,6.0
3236,18469.0,6.0
3237,87638.0,5.999999999999999
3238,150310.0,8.028214884056064
3239,22597.0,5.999999999999999
3240,45821.0,3.9578086884761974
3241,22494.0,6.0
3242,28064.0,6.0
3243,694418.0,2.0
3244,35030.0,6.0
3245,14119.0,6.000000000000001
3246,163744.0,6.0
3247,53946.0,6.0
3248,112016.0,6.0
3249,17449.0,8.913405892466262
3250,737565.0,6.011055438080353
3251,19625.0,6.0
3252,18913.0,6.0
3253,69032.0,4.0
3254,122193.0,6.0
3255,24501.0,12.0
3256,475116.0,6.0
3257,41748.0,6.0
3258,13107.0,6.0
3259,9890.0,11.999999999999998
3260,16263.0,6.0
3261,27611.0,6.000000000000001
3262,16415.0,6.0
3263,15523.0,7.929448654121007
3264,29417.0,4.0
3265,20340.0,5.999999999999999
3266,45726.0,6.0
3267,32974.0,10.000000000000002
3268,145320.0,4.0
3269,33556.0,6.0
3270,128657.0,5.999999999999999
3271,32330.0,6.0
3272,221647.0,5.994472280959823
3273,161772.0,4.005527719040177
3274,19938.0,6.0
3275,127244.0,10.009707673759799
3276,28784.0,6.0
3277,134574.0,6.000000000000001
3278,12592.0,6.0
3279,25830.0,6.0
3280,78731.0,6.0
3281,9326.0,5.408527130474929
3282,373166.0,6.0
3283,9188.0,6.000000000000001
3284,20491.0,4.0
3285,54461.0,8.0
3286,8081.0,5.782221988500823
3287,25850.0,6.0
3288,12665.0,6.0
3289,22901.0,6.0
3290,38574.0,6.0
3291,18011.0,6.0
3292,64186.0,9.909092891845225
3293,28920.0,6.0
3294,11796.0,6.000000000000001
3295,80649.0,6.0
3296,26361.0,6.0
3297,34528.0,6.0
3298,37252.0,6.0
3299,34779.0,6.0
3300,32947.0,6.996234580255397
3301,208575.0,4.0
3302,382722.0,2.0
3303,136878.0,6.000000000000001
3304,44258.0,8.0
3305,37686.0,5.999999999999999
3306,14377.0,6.0
3307,5350.0,6.0
3308,178612.0,6.0
3309,36929.0,6.0
3310,70388.0,6.0
3311,25160.0,5.999999999999999
3312,74322.0,5.999999999999999
3313,12140.0,6.0
3314,10087.0,14.0
3315,2812.0,14.0
3316,7276.0,14.0
3317,2948.0,14.0
3318,10496.0,14.0
3319,5075.0,14.0
3320,25699.0,14.0
3321,12859.0,14.000000000000002
3322,95505.0,13.999999999999998
3323,27446.0,14.0
3324,25208.0,14.0
3325,7980.0,14.0
3326,1257.0,14.0
3327,157207.0,14.0
3328,3465.0,14.0
3329,51828.0,14.0
3330,3398.0,14.0
3331,7826.0,14.0
3332,40876.0,14.0
3333,13741.0,13.999999999999998
3334,25029.0,14.0
3335,2806.0,14.0
3336,2346.0,14.0
3337,30352.0,14.0
3338,14489.0,14.0
3339,32476.0,14.0
3340,2671.0,14.0
3341,2579.0,14.0
3342,1214.0,14.0
3343,1814.0,14.0
3344,6319.0,14.0
3345,6415.0,14.0
3346,11902.0,14.0
3347,3181.0,14.0
3348,5519.0,14.000000000000002
3349,23311.0,13.999999999999998
3350,8533.0,14.000000000000002
3351,4387.0,14.0
3352,5499.0,14.0
3353,26240.0,14.0
3354,19939.0,14.0
3355,30910.0,14.0
3356,5625.0,14.0
3357,26879.0,14.000000000000002
3358,15605.0,14.0
3359,11422.0,13.999999999999998
3360,4390.0,14.0
3361,8940.0,14.0
3362,22662.0,14.0
3363,7822.0,14.0
3364,33652.0,14.0
3365,6454.0,14.0
3366,6019.0,14.0
3367,5330.0,14.000000000000002
3368,387343.0,14.0
3369,19513.0,14.0
3370,27034.0,14.0
3371,15753.0,14.0
3372,9255.0,14.0
3373,38366.0,14.0
3374,24433.0,14.000000000000002
3375,21097.0,13.999999999999998
3376,38671.0,14.0
3377,6299.0,14.0
3378,2162.0,14.0
3379,60352.0,14.0
3380,11406.0,13.999999999999998
3381,21701.0,14.0
3382,25128.0,14.0
3383,7951.0,14.0
3384,3508.0,14.0
3385,340747.0,14.0
3386,48633.0,14.0
3387,30121.0,14.0
3388,6135.0,14.0
3389,4639.0,14.0
3390,9985.0,14.0
3391,13184.0,4.0
3392,62102.0,10.0
3393,319203.0,10.0
3394,31468.0,10.0
3395,42353.0,6.0
3396,50115.0,10.0
3397,21944.0,6.0
3398,19364.0,6.0
3399,164258.0,4.094781310548565
3400,89890.0,8.0
3401,1444.0,6.0
3402,5588.0,6.0
3403,5667.0,10.0
3404,16769.0,8.0
3405,164855.0,10.0
3406,17440.0,8.0
3407,71250.0,10.0
3408,51383.0,10.0
3409,5702.0,4.0
3410,279261.0,10.0
3411,40382.0,0.0
3412,100716.0,10.0
3413,18169.0,4.0
3414,226998.0,10.0
3415,7281.0,6.0
3416,574149.0,4.142171965822847
3417,64412.0,10.0
3418,1483.0,8.0
3419,21703.0,12.0
3420,50575.0,6.0
3421,19516.0,4.0
3422,6362.0,4.0
3423,18859.0,8.0
3424,397855.0,10.0
3425,1034.0,4.0
3426,77640.0,8.0
3427,70087.0,5.916640509970604
3428,864332.0,5.929916858471505
3429,42263.0,6.0
3430,109578.0,6.0
3431,31862.0,6.000000000000001
3432,253839.0,6.0
3433,77133.0,6.0
3434,36600.0,6.0
3435,461399.0,6.0
3436,136242.0,6.000000000000001
3437,83107.0,6.0
3438,2843.0,6.0
3439,42546.0,6.0
3440,94848.0,6.0
3441,366995.0,5.976638952823835
3442,22675.0,6.000000000000001
3443,47026.0,6.0
3444,21405.0,6.000000000000001
3445,38414.0,6.0
3446,50345.0,6.0
3447,170710.0,6.0
3448,183878.0,6.000000000000001
3449,386011.0,6.0
3450,19863.0,6.0
3451,166149.0,5.999999999999999
3452,76070.0,6.0
3453,2903.0,6.0
3454,98223.0,5.999999999999999
3455,9155.0,4.0
3456,20734.0,6.0
3457,26605.0,5.999999999999999
3458,47936.0,6.0
3459,27096.0,6.000000000000001
3460,13642.0,6.0
3461,140583.0,6.000000000000001
3462,340184.0,6.000000000000001
3463,54700.0,5.999999999999999
3464,88545.0,6.000000000000001
3465,233465.0,5.999999999999999
3466,193332.0,6.0
3467,69551.0,6.000000000000001
3468,23716.0,6.0
3469,68594.0,5.999999999999999
3470,25793.0,6.0
3471,106615.0,5.999999999999998
3472,592396.0,6.0
3473,11782.0,6.000000000000001
3474,215888.0,6.0
3475,52059.0,6.0
3476,29876.0,6.0
3477,981996.0,6.0
3478,41578.0,6.0
3479,10601.0,0.9173672292293478
3480,87719.0,5.999999999999999
3481,22914.0,6.000000000000001
3482,47089.0,5.999999999999999
3483,4270.0,6.0
3484,26013.0,6.0
3485,25188.0,5.999999999999999
3486,24588.0,6.0
3487,31403.0,5.939028022118618
3488,24032.0,6.0
3489,139633.0,6.0
3490,34450.0,6.0
3491,240683.0,6.000000000000001
3492,17503.0,6.0
3493,298621.0,6.0
3494,13465.0,7.277903060917826
3495,15321.0,7.255184557569399
3496,8326.0,7.388052518102174
3497,27366.0,7.180031926568861
3498,10954.0,7.319879348928139
3499,63710.0,7.122871464311177
3500,5263.0,7.539855649831466
3501,20822.0,7.210563464602913
3502,4849.0,7.572596937315949
3503,3186.0,7.769568512095439
3504,10902.0,7.320936021269719
3505,14018.0,7.270546234186406
3506,14029.0,7.270405392152415
3507,12806.0,7.287440393274447
3508,12148.0,7.297918043609896
3509,7786.0,7.407118908237825
3510,56906.0,7.128112339687559
3511,25810.0,7.185940277021535
3512,33520.0,7.161885347434418
3513,3884.0,7.6705178971929735
3514,8508.0,7.382115054277657
3515,22783.0,7.199650280597747
3516,16720.0,7.241207848044497
3517,24184.0,7.192894920370173
3518,9539.0,7.352356149997805
3519,43252.0,7.143493066383671
3520,96614.0,7.11240546761259
3521,8791.0,7.373321658849724
3522,15341.0,7.2549678728561835
3523,23573.0,7.1957462844499025
3524,6883.0,7.444847747627502
3525,5362.0,7.532658785783305
3526,6736.0,7.451824640620773
3527,12010.0,7.300250061261933
3528,1118.0,8.0
3529,22529.0,7.200961213789306
3530,6599.0,7.458570328590327
3531,21510.0,7.206518018445363
3532,17762.0,7.232153042767203
3533,16147.0,5.388421847180435
3534,115415.0,5.390112163280384
3535,4643.0,5.388421847180435
3536,128690.0,5.390112163280383
3537,8064.0,5.388421847180435
3538,13103.0,5.388421847180434
3539,142834.0,5.390112163280383
3540,151866.0,5.390112163280383
3541,10263.0,5.388421847180435
3542,275048.0,5.390112163280382
3543,34447.0,5.388421847180434
3544,20259.0,5.388421847180434
3545,26511.0,5.388421847180435
3546,21863.0,5.388421847180435
3547,25147.0,5.388421847180434
3548,41402.0,5.388421847180434
3549,17224.0,5.388421847180435
3550,108098.0,5.390210118183482
3551,18159.0,5.388421847180435
3552,16041.0,5.388421847180434
3553,83728.0,5.390728651825995
3554,48046.0,5.388421847180435
3555,349217.0,5.390112163280383
3556,41869.0,5.388421847180435
3557,11323.0,5.388421847180435
3558,274083.0,5.390112163280382
3559,23915.0,5.388421847180434
3560,43281.0,5.388421847180434
3561,70382.0,5.391164112173934
3562,40932.0,5.388421847180434
3563,10216.0,5.388421847180435
3564,194362.0,5.390112163280383
3565,7741.0,5.388421847180434
3566,20195.0,5.388421847180434
3567,15367.0,5.388421847180435
3568,23809.0,5.388421847180435
3569,54672.0,5.388421847180434
3570,49031.0,5.392350585585254
3571,78148.0,5.388421847180435
3572,264966.0,5.390112163280382
3573,11876.0,5.388421847180435
3574,212083.0,5.390112163280382
3575,62002.0,5.391532862916812
3576,16375.0,5.388421847180434
3577,19614.0,5.388421847180435
3578,195036.0,5.390112163280382
3579,1842.0,8.0
3580,10263.0,6.329973310351505
3581,1838.0,6.0
3582,3996.0,8.0
3583,21586.0,8.34349739306048
3584,25800.0,8.0
3585,3365.0,6.000000000000001
3586,919.0,6.0
3587,7003.0,5.999999999999999
3588,1138.0,8.0
3589,5452.0,6.0
3590,2610.0,6.000000000000001
3591,8555.0,8.0
3592,19002.0,8.0
3593,2317.0,8.0
3594,8072.0,6.000000000000001
3595,13136.0,8.53491041944002
3596,3935.0,6.000000000000001
3597,3145.0,8.0
3598,3394.0,6.000000000000001
3599,2060.0,6.0
3600,2737.0,6.0
3601,6487.0,6.000000000000001
3602,1575.0,6.0
3603,4854.0,8.0
3604,2909.0,6.0
3605,1406.0,8.0
3606,4279.0,6.000000000000001
3607,2312.0,6.0
3608,3348.0,6.0
3609,1029.0,8.0
3610,11952.0,6.0
3611,5050.0,6.0
3612,935.0,6.0
3613,1825.0,6.0
3614,1263.0,8.0
3615,677.0,6.0
3616,3708.0,8.0
3617,7880.0,5.999999999999999
3618,22473.0,6.0
3619,49389.0,8.078877747546276
3620,2193.0,8.0
3621,4008.0,6.000000000000001
3622,1730.0,6.0
3623,2828.0,8.0
3624,20928.0,8.353343317515677
3625,1170.0,8.0
3626,1627.0,6.0
3627,136817.0,8.094781310548566
3628,4416.0,6.0
3629,8175.0,6.0
3630,91275.0,8.094781310548566
3631,2185.0,8.0
3632,1686.0,6.0
3633,6225.0,5.999999999999999
3634,1646.0,8.0
3635,4256.0,5.999999999999999
3636,2244.0,6.0
3637,1146.0,6.0
3638,4540.0,8.0
3639,3584.0,8.0
3640,6094.0,8.0
3641,12735.0,5.999999999999999
3642,3668.0,8.0
3643,14944.0,6.0
3644,1612.0,8.0
3645,51096.0,2.0
3646,29325.0,20.074726320481233
3647,10885.0,8.0
3648,8876.0,2.0
3649,95501.0,2.611578152819565
3650,77488.0,23.9809996808695
3651,23142.0,2.611578152819565
3652,9227.0,19.69170580409881
3653,17257.0,2.0
3654,34860.0,20.041990653827206
3655,28115.0,5.026092742510485
3656,10650.0,8.0
3657,20927.0,2.0
3658,5328.0,21.350926844872166
3659,24468.0,19.851101768958895
3660,36741.0,8.0
3661,8563.0,4.0
3662,47379.0,19.90705592539607
3663,440680.0,6.0
3664,7588.0,8.0
3665,13542.0,19.787328692564135
3666,35919.0,5.999999999999999
3667,22092.0,20.0
3668,30550.0,20.0
3669,14087.0,19.795346069490375
3670,28321.0,19.896878299636043
3671,30960.0,20.0
3672,20284.0,19.856750678300507
3673,15954.0,4.0
3674,45355.0,6.0
3675,8053.0,19.473102220570073
3676,38260.0,19.923410297209227
3677,244399.0,2.0
3678,4361.0,2.0
3679,14687.0,2.0
3680,17301.0,10.0
3681,37292.0,10.0
3682,10263.0,4.0
3683,17581.0,4.0
3684,20488.0,20.0
3685,15540.0,2.0
3686,5455.0,6.0
3687,12088.0,2.0
3688,8662.0,19.590524986280613
3689,35694.0,19.91796081576452
3690,11528.0,19.75132885221767
3691,319158.0,6.0
3692,3288.0,4.0
3693,12701.0,20.0
3694,27074.0,19.892192628718504
3695,8675.0,4.0
3696,22133.0,8.0
3697,42810.0,6.000000000000001
3698,33431.0,6.000000000000001
3699,16037.0,10.0
3700,15410.0,19.812504501138594
3701,59114.0,4.0
3702,19570.0,2.917367229229348
3703,22155.0,19.934324761855983
3704,70960.0,2.611578152819565
3705,8736.0,19.675082120691084
3706,33019.0,5.999999999999999
3707,131740.0,20.0
3708,5476.0,8.0
3709,12042.0,4.0
3710,18825.0,2.917367229229348
3711,15731.0,19.816242572513698
3712,5645.0,19.139188981702723
3713,4005.0,8.0
3714,13734.0,11.597544515436708
3715,48770.0,21.939791260705615
3716,21406.0,4.0
3717,37567.0,6.000000000000001
3718,49257.0,19.895668681145658
3719,207151.0,23.988143890061522
3720,13212.0,20.108919308746717
3721,10882.0,20.000000000000004
3722,68346.0,8.0
3723,551692.0,5.037468489204197
3724,13025.0,23.668680334039184
3725,9692.0,3.5289453820489136
3726,112364.0,4.0
3727,132208.0,19.98221583509229
3728,39942.0,20.0
3729,6362.0,20.0
3730,11603.0,19.752886573714463
3731,12063.0,19.58355158552829
3732,4509.0,19.393574542012548
3733,24669.0,19.881837643340823
3734,87016.0,19.966142711725904
3735,9831.0,20.000000000000004
3736,17910.0,8.0
3737,18189.0,6.0
3738,178298.0,4.0
3739,104606.0,9.981871941441756
3740,27876.0,4.0
3741,9488.0,6.0
3742,51129.0,6.000000000000001
3743,17284.0,4.305789076409782
3744,6551.0,3.9076854925107067
3745,1336.0,4.0
3746,29141.0,8.0
3747,20446.0,7.6988796934532076
3748,2894.0,4.0
3749,17622.0,4.530084850085965
3750,55842.0,6.018224323333304
3751,2257.0,5.999999999999999
3752,14078.0,4.305789076409783
3753,198132.0,7.994472280959824
3754,1150317.0,6.000000000000001
3755,10219.0,8.0
3756,468.0,6.0
3757,12444.0,7.026092742510486
3758,53804.0,8.0
3759,228481.0,4.011055438080353
3760,115747.0,4.005527719040177
3761,6250.0,8.0
3762,942.0,6.0
3763,4327.0,4.104370970041943
3764,23179.0,3.973015977755636
3765,12640.0,4.0
3766,36122.0,0.0
3767,24248.0,7.948380492853625
3768,11903.0,17.67098125053018
3769,9540.0,4.128642847269422
3770,215281.0,5.11240546761259
3771,7767.0,2.0
3772,4001.0,7.828934331669834
3773,19496.0,4.0
3774,3342.0,0.0
3775,34207.0,4.0367290382988985
3776,29626.0,4.0
3777,3471.0,8.0
3778,7669.0,8.0
3779,1392.0,6.0
3780,2433.0,4.039988244811735
3781,5679.0,6.0
3782,669006.0,6.0
3783,1883.0,20.0
3784,13765.0,5.999999999999999
3785,130820.0,4.005527719040177
3786,9126.0,4.0
3787,1642.0,3.1136416358394787
3788,27847.0,6.022511597225257
3789,36525.0,6.0
3790,871.0,6.0
3791,2442.0,6.0
3792,2137.0,2.0
3793,3171.0,4.0
3794,1665.0,6.0
3795,2465.0,5.999999999999999
3796,1294721.0,6.0
3797,6038.0,4.0
3798,7571.0,6.0
3799,3836.0,4.0
3800,582912.0,8.0
3801,10501.0,2.917367229229348
3802,1309.0,2.6666666666666665
3803,6037.0,5.999999999999999
3804,2258.0,2.0
3805,7454.0,4.0
3806,11314.0,4.109021813299272
3807,78632.0,2.0
3808,1368.0,2.0
3809,134346.0,6.0
3810,461152.0,6.0
3811,23496.0,8.0
3812,9810.0,6.0
3813,22166.0,4.0
3814,17159.0,4.059485963976663
3815,2609.0,6.000000000000001
3816,3403.0,4.0
3817,753.0,20.0
3818,505840.0,5.999999999999999
3819,7114.0,8.0
3820,12342.0,4.0
3821,8707.0,5.999999999999999
3822,9411.0,4.591648542592835
3823,220658.0,4.005527719040177
3824,2269.0,4.0
3825,20282.0,4.0
3826,800.0,6.0
3827,5290.0,4.0
3828,12531.0,6.0
3829,11005.0,4.305789076409782
3830,90046.0,6.000000000000001
3831,67486.0,6.0
3832,19385.0,6.000000000000001
3833,118382.0,5.999999999999999
3834,17189.0,4.611578152819565
3835,1701.0,4.0
3836,5780.0,6.0
3837,2724.0,2.0
3838,2163.0,2.0
3839,40106.0,6.0
3840,2413209.0,4.0
3841,42950.0,4.0
3842,2523.0,5.999999999999999
3843,3072.0,10.765165317405627
3844,165093.0,6.000000000000001
3845,2121.0,8.0
3846,54785.0,6.0
3847,408582.0,4.011055438080353
3848,26670.0,5.999999999999999
3849,12884.0,7.046950817885379
3850,47654.0,4.0
3851,23590.0,4.611578152819566
3852,12471.0,4.0
3853,15040.0,6.0
3854,1927.0,4.0
3855,66104.0,4.0
3856,12025.0,6.000000000000001
3857,1133.0,4.993150522775664
3858,5346.0,0.30578907640978265
3859,9056.0,8.0
3860,22536.0,4.167909867370549
3861,1432.0,4.0
3862,132727.0,4.0
3863,3208.0,4.0
3864,23886.0,5.026092742510484
3865,117433.0,2.0
3866,10009.0,2.0
3867,7694.0,2.0
3868,99013.0,7.980851200246397
3869,36382.0,5.95927487908729
3870,221.0,2.0
3871,573.0,20.0
3872,36407.0,6.0
3873,3078.0,1.5142216350585875
3874,157.0,4.0
3875,2018.0,8.0
3876,15991.0,11.791258059916112
3877,2132.0,4.733810826184257
3878,30116.0,2.0
3879,7154.0,6.0
3880,16276.0,6.0
3881,3708.0,2.0
3882,13369.0,4.0
3883,11227.0,6.0
3884,11799.0,4.0
3885,50190.0,6.0
3886,13419.0,20.0
3887,1730.0,4.0
3888,6878.0,2.0
3889,16879.0,5.999999999999999
3890,111.0,2.0
3891,172026.0,4.011055438080352
3892,3987.0,4.0
3893,4838.0,6.0
3894,127388.0,2.0
3895,644.0,6.0
3896,7730.0,4.0
3897,7048.0,4.0
3898,3213.0,4.305789076409783
3899,3083.0,2.0
3900,19738.0,4.0
3901,32464.0,20.117582745364174
3902,35611.0,4.606181933423432
3903,1384.0,2.0
3904,87107.0,6.0
3905,15888.0,2.1173742334938996
3906,3333.0,6.000000000000001
3907,4049.0,4.0
3908,14482.0,6.305789076409782
3909,413961.0,4.0
3910,9108.0,6.0
3911,8063.0,4.0
3912,792.0,6.0
3913,35772.0,6.0
3914,30179.0,8.0
3915,8744.0,2.0
3916,7996.0,8.0
3917,193930.0,2.0165831571205297
3918,4677.0,4.0
3919,1228.0,6.0
3920,52314.0,5.41619842009984
3921,18453.0,2.917367229229348
3922,16341.0,4.0
3923,115939.0,5.988944561919646
3924,4219.0,4.337031536709274
3925,7342.0,6.000000000000001
3926,38369.0,2.0491663657957706
3927,50959.0,4.024729569761832
3928,3907.0,8.0
3929,8594.0,4.5898213092638995
3930,89820.0,4.014067846819155
3931,1600.0,4.758222288747389
3932,2490.0,4.0
3933,7936.0,8.0
3934,6953.0,2.0
3935,4489.0,4.611578152819565
3936,663.0,6.0
3937,11538.0,6.0
3938,81313.0,7.992233042408347
3939,6231.0,4.0
3940,31122.0,6.0
3941,7715.0,4.0
3942,5623.0,6.000000000000001
3943,19011.0,4.60154735131385
3944,40683.0,4.030927643097611
3945,3530.0,2.0
3946,1667.0,4.0
3947,8511.0,6.0
3948,2272.0,4.0
3949,15180.0,4.0
3950,1257.0,6.0
3951,143315.0,5.999999999999999
3952,6894.0,6.000000000000001
3953,33700.0,8.0
3954,5229.0,5.999999999999999
3955,862.0,2.0
3956,955.0,4.0
3957,2139.0,8.0
3958,3489.0,6.000000000000001
3959,1154287.0,6.000000000000001
3960,77475.0,4.008150153550304
3961,612.0,2.0
3962,5954.0,4.0
3963,1102.0,4.0
3964,16420.0,8.0
3965,63995.0,4.304281773025609
3966,786945.0,6.0
3967,11453.0,2.0
3968,13633.0,6.000000000000001
3969,28468.0,4.0
3970,1926.0,6.0
3971,16301.0,6.0
3972,27827.0,4.0
3973,38524.0,2.0
3974,52912.0,2.0
3975,34567.0,5.999999999999999
3976,39944.0,4.611578152819566
3977,6271.0,5.999999999999999
3978,23955.0,6.0
3979,132616.0,6.0
3980,25108.0,6.000000000000001
3981,3055.0,6.0
3982,68766.0,4.0
3983,7477.0,2.0
3984,11145.0,2.0
3985,397705.0,6.0
3986,36674.0,4.0
3987,3700.0,4.0
3988,51216.0,4.012303120526115
3989,32693.0,2.0
3990,3904.0,8.0
3991,12183.0,4.6467894409523725
3992,7662.0,8.0
3993,7036.0,6.0
3994,3792.0,9.909398229117214
3995,33569.0,5.009683960441006
3996,71940.0,4.963402390459365
3997,11486.0,5.683341928837783
3998,651.0,5.0
3999,202927.0,8.0
4000,10630.0,8.0
4001,5925.0,6.0
4002,3273.0,4.921721772468543
4003,5872.0,4.921721772468542
4004,32149.0,8.0
4005,7510.0,3.947814514979028
4006,5100.0,8.0
4007,7481.0,8.0
4008,8153.0,4.169514738656652
4009,1117.0,4.0
4010,1482.0,5.0
4011,616471.0,4.0
4012,6248.0,3.9478145149790285
4013,15658.0,5.104333865992341
4014,12434.0,5.1481995561970635
4015,29660.0,8.0
4016,41630.0,8.0
4017,18464.0,5.07799087350206
4018,368775.0,5.952609344725718
4019,21689.0,8.0
4020,112510.0,4.88759453238741
4021,1861.0,5.0
4022,134725.0,8.0
4023,1078.0,6.0
4024,892.0,8.0
4025,3317.0,5.9478145149790285
4026,960.0,6.0
4027,2280.0,5.9478145149790285
4028,150.0,8.0
4029,232.0,8.0
4030,254.0,8.0
4031,732.0,6.0
4032,1091.0,6.0
4033,5163.0,5.9478145149790285
4034,1839.0,6.0
4035,1360.0,6.0
4036,921.0,8.0
4037,564.0,6.0
4038,457.0,6.0
4039,4056.0,5.9478145149790285
4040,1211.0,6.0
4041,1339.0,6.0
4042,1957.0,5.98335244407073
4043,402.0,8.0
4044,713.0,6.0
4045,287.0,8.0
4046,1859.0,6.0
4047,8814.0,5.947814514979028
4048,1735.0,6.0
4049,131.0,8.0
4050,3360.0,5.9478145149790285
4051,359.0,8.0
4052,2251.0,5.947814514979028
4053,542.0,8.0
4054,507.0,6.0
4055,4629.0,8.0
4056,592.0,8.0
4057,4243.0,5.947814514979028
4058,682.0,8.0
4059,885.0,6.0
4060,798.0,8.0
4061,255.0,8.0
4062,1411.0,6.0
4063,1146.0,6.0
4064,1812.0,6.0
4065,730.0,6.0
4066,2077.0,5.947814514979028
4067,405.0,8.0
4068,3386.0,5.9478145149790285
4069,431.0,8.0
4070,644.0,8.0
4071,880.0,8.0
4072,5591.0,5.9478145149790285
4073,342.0,5.0
4074,166.0,8.0
4075,724.0,6.0
4076,722.0,8.0
4077,1089.0,6.0
4078,579.0,6.0
4079,927.0,6.0
4080,24548.0,5.9478145149790285
4081,3194.0,5.947814514979029
4082,12510.0,5.947814514979029
4083,7263.0,5.9478145149790285
4084,8618.0,4.0
4085,3736.0,5.947814514979029
4086,1596.0,6.0
4087,4218.0,5.9478145149790285
4088,8076.0,5.947814514979029
4089,3275.0,5.947814514979028
4090,1549.0,6.0
4091,85.0,6.0
4092,6464.0,5.947814514979029
4093,2477.0,5.9478145149790285
4094,1758.0,6.0
4095,8182.0,5.9478145149790285
4096,5232.0,5.9478145149790285
4097,173.0,8.0
4098,904.0,8.0
4099,74.0,8.0
4100,723.0,8.0
4101,892.0,6.0
4102,201.0,8.0
4103,60.0,8.0
4104,229.0,8.0
4105,62.0,8.0
4106,1221.0,6.0
4107,164.0,8.0
4108,127.0,8.0
4109,65.0,8.0
4110,971.0,8.0
4111,1045.0,6.0
4112,2223.0,5.9478145149790285
4113,3791.0,5.9478145149790285
4114,1463.0,6.0
4115,1041.0,6.0
4116,1063.0,6.0
4117,3884.0,5.9478145149790285
4118,2353.0,5.9478145149790285
4119,882.0,8.0
4120,1760.0,6.0
4121,949.0,6.0
4122,15174.0,5.947814514979028
4123,2866.0,5.9478145149790285
4124,4832.0,5.9478145149790285
4125,1410.0,6.0
4126,1805.0,6.0
4127,487.0,6.0
4128,872.0,6.0
4129,1431.0,6.0
4130,274.0,8.0
4131,2629.0,5.9478145149790285
4132,917.0,6.0
4133,735.0,6.0
4134,2247.0,5.9478145149790285
4135,1958.0,5.982841624868305
4136,3958.0,5.947814514979028
4137,3959.0,5.9478145149790285
4138,594.0,8.0
4139,1218.0,6.0
4140,1946.0,5.988988875483564
4141,985.0,6.0
4142,1104.0,8.0
4143,931.0,6.0
4144,1107.0,6.0
4145,766.0,6.0
4146,1634.0,6.0
4147,845.0,6.0
4148,3676.0,5.9478145149790285
4149,959.0,6.0
4150,2283.0,5.947814514979028
4151,895.0,8.0
4152,1055.0,6.0
4153,580.0,8.0
4154,808.0,8.0
4155,545.0,8.0
4156,2519.0,5.9478145149790285
4157,693.0,8.0
4158,1994.0,5.964625765900394
4159,730.0,8.0
4160,693.0,6.0
4161,796.0,6.0
4162,945.0,8.0
4163,3341.0,5.947814514979028
4164,801.0,6.0
4165,653.0,6.0
4166,459.0,8.0
4167,843.0,8.0
4168,438.0,6.0
4169,754.0,8.0
4170,524.0,6.0
4171,2884.0,5.9478145149790285
4172,1103.0,6.0
4173,1197.0,6.0
4174,448.0,8.0
4175,289.0,8.0
4176,820.0,8.0
4177,2889.0,5.947814514979029
4178,2682.0,5.9478145149790285
4179,991.0,6.0
4180,1880.0,6.0
4181,974.0,6.0
4182,1818.0,6.0
4183,513.0,8.0
4184,319.0,8.0
4185,967.0,6.0
4186,902.0,6.0
4187,640.0,6.0
4188,1084.0,6.0
4189,152.0,8.0
4190,1161.0,6.0
4191,415.0,8.0
4192,2347.0,5.9478145149790285
4193,2183.0,5.9478145149790285
4194,1262.0,6.0
4195,9668.0,5.947814514979029
4196,3050.0,5.947814514979028
4197,487.0,6.0
4198,466.0,6.0
4199,419.0,8.0
4200,1511.0,6.0
4201,967.0,6.0
4202,184.0,8.0
4203,1614.0,6.0
4204,5169.0,5.9478145149790285
4205,5731.0,5.947814514979029
4206,1935.0,5.994657434217881
4207,1082.0,6.0
4208,1351.0,6.0
4209,1123.0,6.0
4210,2185.0,5.947814514979028
4211,1134.0,6.0
4212,1139.0,6.0
4213,1444.0,6.0
4214,6079.0,5.9478145149790285
4215,1423.0,6.0
4216,3703.0,5.947814514979029
4217,1075.0,6.0
4218,561.0,6.0
4219,1399.0,6.0
4220,1548.0,6.0
4221,4176.0,5.947814514979029
4222,729.0,6.0
4223,777.0,6.0
4224,311.0,8.0
4225,7879.0,5.9478145149790285
4226,441.0,8.0
4227,1241.0,6.0
4228,1482.0,6.0
4229,574.0,8.0
4230,1820.0,6.0
4231,652.0,8.0
4232,766.0,6.0
4233,1479.0,6.0
4234,705.0,8.0
4235,1302.0,6.0
4236,1884.0,6.0
4237,3421.0,5.9478145149790285
4238,228.0,8.0
4239,1121.0,8.0
4240,1714.0,6.0
4241,626.0,6.0
4242,2369.0,5.947814514979029
4243,974.0,6.0
4244,1489.0,6.0
4245,330.0,8.0
4246,395.0,8.0
4247,183.0,8.0
4248,661.0,8.0
4249,1331.0,6.0
4250,674.0,6.0
4251,1054.0,6.0
4252,2138.0,5.9478145149790285
4253,7771.0,5.9478145149790285
4254,2798.0,5.9478145149790285
4255,1604.0,6.0
4256,2667.0,5.947814514979029
4257,472.0,8.0
4258,738.0,8.0
4259,537.0,8.0
4260,892.0,8.0
4261,2072.0,5.9478145149790285
4262,889.0,6.0
4263,882.0,6.0
4264,581.0,6.0
4265,2240.0,5.947814514979029
4266,534.0,6.0
4267,1065.0,6.0
4268,2270.0,5.947814514979028
4269,2382.0,5.947814514979029
4270,24777.0,12.0
4271,83036.0,1.9478145149790287
4272,10741.0,8.0
4273,10196.0,8.0
4274,22664.0,10.0
4275,12166.0,10.0
4276,165346.0,0.11680523588082498
4277,55166.0,2.0
4278,3270.0,8.0
4279,62766.0,12.0
4280,4379.0,10.0
4281,26342.0,11.026092742510484
4282,10908.0,11.999999999999998
4283,14046.0,10.0
4284,10787.0,11.026092742510485
4285,40478.0,9.999999999999998
4286,23037.0,0.0
4287,21321.0,4.869536287447571
4288,5710.0,2.0
4289,8108.0,8.0
4290,265554.0,10.920663253323372
4291,11993.0,10.0
4292,3838.0,10.0
4293,37125.0,8.0
4294,7404.0,8.0
4295,9574.0,10.0
4296,20786.0,2.0
4297,8047.0,10.0
4298,748516.0,5.7751890647748185
4299,55107.0,4.869536287447571
4300,11839.0,8.0
4301,21009.0,5.895629029958056
4302,39734.0,12.0
4303,67254.0,8.0
4304,11903.0,10.0
4305,30025.0,8.0
4306,23046.0,11.026092742510485
4307,10673.0,8.0
4308,15258.0,2.0
4309,6236.0,5.999999999999999
4310,24714.0,10.000000000000002
4311,86833.0,7.976638952823835
4312,236754.0,4.882740695507511
4313,34809.0,10.0
4314,1856.0,6.0
4315,31050.0,8.0
4316,62929.0,7.907305085640187
4317,5285.0,10.0
4318,19803.0,8.0
4319,14288.0,10.000000000000002
4320,9077.0,5.895629029958058
4321,15140.0,8.0
4322,284374.0,2.0233610471761656
4323,30412.0,12.000000000000002
4324,7956.0,11.026092742510484
4325,10429.0,8.0
4326,7284.0,8.0
4327,21783.0,10.0
4328,8453.0,10.0
4329,57768.0,3.9663876297558907
4330,11650.0,10.0
4331,19963.0,4.0
4332,9493.0,10.0
4333,10179.0,10.0
4334,9274.0,10.0
4335,28631.0,5.895629029958056
4336,17170.0,4.0
4337,12884.0,8.0
4338,44380.0,8.052185485020972
4339,24562.0,5.895629029958057
4340,13130.0,8.0
4341,23913.0,8.0
4342,302789.0,9.929916858471506
4343,23433.0,10.05218548502097
4344,6040.0,8.0
4345,5544.0,10.0
4346,70997.0,2.0
4347,16348.0,10.000000000000002
4348,56945.0,2.0
4349,18883.0,10.0
4350,15749.0,8.0
4351,31959.0,2.0
4352,19863.0,8.0
4353,12877.0,10.0
4354,105387.0,2.0
4355,109566.0,10.0
4356,5594.0,8.0
4357,6879.0,2.0
4358,25588.0,8.0
4359,30260.0,11.026092742510487
4360,38908.0,8.0
4361,14344.0,8.0
4362,24378.0,8.0
4363,20863.0,10.0
4364,50014.0,10.0
4365,99370.0,7.976638952823834
4366,11441.0,2.0
4367,4108.0,8.0
4368,32029.0,9.820552196846302
4369,171813.0,7.95327790564767
4370,12283.0,8.0
4371,3653.0,10.000000000000002
4372,26440.0,2.0
4373,3737.0,12.869536287447572
4374,17476.0,5.895629029958057
4375,10812.0,8.0
4376,5801.0,10.0
4377,18990.0,8.05218548502097
4378,3950.0,8.0
4379,92734.0,10.0
4380,23491.0,8.052185485020972
4381,14990.0,8.0
4382,3524.0,8.0
4383,52512.0,5.895629029958056
4384,22252.0,8.0
4385,8813.0,2.0
4386,8380.0,8.0
4387,113330.0,9.95327790564767
4388,130227.0,7.953277905647669
4389,2509.0,8.0
4390,21817.0,5.999999999999999
4391,9590.0,8.0
4392,64283.0,7.969742663698235
4393,8330.0,10.0
4394,147877.0,5.850126043183213
4395,61033.0,10.0
4396,16806.0,10.0
4397,17870.0,2.0
4398,70004.0,12.0
4399,315570.0,9.929916858471504
4400,15124.0,2.0
4401,9785.0,6.0
4402,16569.0,10.0
4403,8335.0,2.0
4404,14951.0,6.000000000000001
4405,132022.0,8.0
4406,53541.0,10.0
4407,58988.0,8.0
4408,345622.0,5.999999999999999
4409,2983.0,5.999999999999999
4410,75812.0,6.0
4411,27542.0,8.0
4412,5247.0,6.000000000000001
4413,46375.0,8.0
4414,1673.0,6.0
4415,50439.0,5.999999999999999
4416,50713.0,8.0
4417,64127.0,9.999999999999998
4418,28417.0,4.0
4419,1425313.0,8.0
4420,197551.0,5.999999999999999
4421,31647.0,7.879564526734517
4422,16531.0,6.0
4423,57421.0,8.0
4424,8641.0,6.0
4425,46645.0,8.0
4426,26651.0,7.8585840403601175
4427,17592.0,6.0
4428,10904.0,6.0
4429,577948.0,8.0
4430,15123.0,6.0
4431,88818.0,10.0
4432,9440.0,8.0
4433,530489.0,8.0
4434,375467.0,6.000000000000001
4435,35552.0,8.0
4436,207296.0,6.094781310548565
4437,3472.0,5.999999999999999
4438,38275.0,6.0
4439,167790.0,8.0
4440,24588.0,6.304754302878635
4441,133171.0,4.0
4442,9165.0,8.0
4443,88351.0,4.0
4444,12893.0,6.0
4445,7404.0,2.0
4446,13825.0,5.999999999999999
4447,50594.0,8.0
4448,4233.0,2.0
4449,4776.0,2.0
4450,4094.0,8.0
4451,25435.0,8.0
4452,3699.0,4.0
4453,7098.0,6.0
4454,21252.0,2.0
4455,13924.0,6.0
4456,18158.0,6.000000000000001
4457,8659.0,4.0
4458,41798.0,9.999999999999998
4459,17340.0,6.0
4460,41890.0,8.0
4461,111577.0,8.0
4462,9625.0,6.696079152448126
4463,11193.0,5.999999999999999
4464,19366.0,6.000000000000001
4465,11792.0,1.9384812597201289
4466,35523.0,4.0
4467,18453.0,4.0
4468,14477.0,6.0
4469,37712.0,2.0
4470,17314.0,4.0
4471,16878.0,6.0
4472,57324.0,10.0
4473,9571.0,8.0
4474,13331.0,2.0
4475,14569.0,8.0
4476,26318.0,10.0
4477,4606.0,8.0
4478,4656.0,5.999999999999999
4479,5251.0,6.0
4480,19060.0,6.0
4481,36392.0,10.0
4482,48541.0,4.0
4483,16804.0,4.0
4484,5658.0,8.0
4485,8116.0,2.0
4486,7864.0,8.0
4487,10236.0,10.0
4488,4891.0,4.0
4489,5547.0,8.0
4490,13514.0,8.0
4491,25388.0,4.0
4492,4955.0,2.0
4493,9768.0,6.0
4494,3215.0,2.305789076409783
4495,52171.0,5.999999999999999
4496,12224.0,2.6115781528195656
4497,1059.0,6.0
4498,922.0,4.0
4499,741.0,3.0
4500,178.0,3.0
4501,1149.0,4.0
4502,748.0,4.0
4503,378.0,3.0
4504,854.0,4.0
4505,196.0,3.0
4506,234.0,3.0
4507,363.0,3.0
4508,618.0,4.0
4509,479.0,4.0
4510,977.0,3.0
4511,951.0,4.0
4512,113.0,3.0
4513,2762.0,6.052185485020972
4514,939.0,4.0
4515,930.0,3.0
4516,302.0,2.0
4517,5230.0,3.0260927425104853
4518,395.0,2.0
4519,209.0,2.0
4520,281.0,2.0
4521,565.0,2.0
4522,224.0,2.0
4523,453.0,2.0
4524,367.0,2.0
4525,293.0,2.0
4526,403.0,2.0
4527,379.0,2.0
4528,122.0,2.0
4529,664.0,2.0
4530,103.0,2.0
4531,671.0,2.0
4532,383.0,4.0
4533,664.0,4.0
4534,412.0,4.0
4535,1980.0,4.0
4536,512.0,4.0
4537,493.0,4.0
4538,1136.0,4.0
4539,924.0,4.0
4540,1423.0,4.0
4541,1424.0,4.0
4542,471.0,4.0
4543,572.0,4.0
4544,1467.0,4.0
4545,581.0,4.0
4546,220.0,4.0
4547,357.0,4.0
4548,532.0,4.0
4549,382.0,4.0
4550,187.0,4.0
4551,741.0,4.0
4552,584.0,4.0
4553,642.0,4.0
4554,646.0,4.0
4555,263.0,4.0
4556,395.0,4.0
4557,1205.0,4.0
4558,5490.0,4.0
4559,1977.0,4.0
4560,463.0,4.0
4561,458.0,4.0
4562,1774.0,4.0
4563,516.0,4.0
4564,566.0,4.0
4565,446.0,4.0
4566,470.0,4.0
4567,585.0,4.0
4568,825.0,4.0
4569,441.0,4.0
4570,650.0,4.0
4571,414.0,4.0
4572,312.0,4.0
4573,717.0,4.0
4574,241.0,4.0
4575,292.0,3.0
4576,453.0,4.0
4577,547.0,4.0
4578,424.0,4.0
4579,406.0,4.0
4580,987.0,4.0
4581,318.0,4.0
4582,279.0,3.0
4583,220.0,4.0
4584,64.0,3.0
4585,208.0,3.0
4586,331.0,3.0
4587,117.0,4.0
4588,454.0,4.0
4589,174.0,3.0
4590,317.0,4.0
4591,898.0,4.0
4592,177.0,4.0
4593,1482.0,4.0
4594,450.0,4.0
4595,9212.0,9.07827822753146
4596,11553.0,9.078278227531458
4597,10579.0,9.078278227531456
4598,1588.0,9.0
4599,17091.0,9.07827822753146
4600,1221.0,9.0
4601,773.0,9.0
4602,56166.0,9.025094016843408
4603,1631.0,9.0
4604,377.0,
4605,7481.0,9.078278227531458
4606,1126.0,9.0
4607,14503.0,9.078278227531458
4608,959.0,9.0
4609,5028.0,9.078278227531458
4610,6521.0,9.078278227531458
4611,1130.0,9.0
4612,1129.0,9.0
4613,2113.0,9.078278227531456
4614,2592.0,9.078278227531458
4615,1307.0,9.0
4616,2789.0,9.078278227531456
4617,9573.0,9.07827822753146
4618,2354.0,9.07827822753146
4619,1404.0,9.0
4620,524.0,4.0
4621,195.0,4.0
4622,335.0,2.0
4623,567.0,4.0
4624,728.0,4.0
4625,191.0,4.0
4626,293.0,2.0
4627,275.0,2.0
4628,294.0,4.0
4629,525.0,4.0
4630,296.0,4.0
4631,266.0,4.0
4632,142.0,4.0
4633,229.0,4.0
4634,436.0,4.0
4635,207.0,4.0
4636,1709.0,4.0
4637,317.0,4.0
4638,177.0,4.0
4639,503.0,4.0
4640,219.0,4.0
4641,392.0,4.0
4642,360.0,4.0
4643,322.0,4.0
4644,183.0,4.0
4645,521.0,4.0
4646,342.0,4.0
4647,838.0,4.0
4648,809.0,2.0
4649,854.0,4.0
4650,417.0,4.0
4651,248.0,4.0
4652,847.0,4.0
4653,860.0,4.0
4654,159.0,4.0
4655,327.0,4.0
4656,412.0,4.0
4657,556.0,4.0
4658,492.0,4.0
4659,742.0,4.0
4660,600.0,4.0
4661,718.0,4.0
4662,330.0,4.0
4663,450.0,4.0
4664,390.0,4.0
4665,299.0,4.0
4666,650.0,4.0
4667,2050.0,6.000000000000001
4668,1127.0,6.0
4669,967.0,6.0
4670,557.0,6.0
4671,2393.0,5.999999999999999
4672,768.0,6.0
4673,9868.0,6.000000000000001
4674,710.0,6.0
4675,2109.0,6.0
4676,1013.0,6.0
4677,175.0,6.0
4678,522.0,6.0
4679,2568.0,6.0
4680,508.0,6.0
4681,1150.0,6.0
4682,617.0,6.0
4683,1816.0,6.0
4684,489.0,6.0
4685,496.0,6.0
4686,395.0,6.0
4687,2419.0,6.0
4688,717.0,6.0
4689,366.0,6.0
4690,877.0,6.0
4691,8826.0,5.999999999999999
4692,625.0,6.0
4693,573.0,6.0
4694,523.0,6.0
4695,900.0,6.0
4696,622.0,6.0
4697,2462.0,6.0
4698,597.0,6.0
4699,314.0,6.0
4700,527.0,6.0
4701,131.0,6.0
4702,575.0,6.0
4703,4973.0,6.000000000000001
4704,4930.0,6.0
4705,731.0,6.0
4706,343.0,6.0
4707,313.0,6.0
4708,724.0,6.0
4709,757.0,6.0
4710,1311.0,6.0
4711,1139.0,6.0
4712,2058.0,5.999999999999999
4713,729.0,6.0
4714,886.0,6.0
4715,332.0,6.0
4716,75.0,6.0
4717,915.0,6.0
4718,347.0,6.0
4719,60.0,6.0
4720,276.0,6.0
4721,384.0,6.0
4722,309.0,6.0
4723,84.0,6.0
4724,604.0,6.0
4725,512.0,6.0
4726,217.0,6.0
4727,268.0,6.0
4728,685.0,6.0
4729,273.0,6.0
4730,237.0,6.0
4731,296.0,6.0
4732,339.0,6.0
4733,323.0,6.0
4734,283.0,6.0
4735,736.0,6.0
4736,307.0,6.0
4737,319.0,6.0
4738,450.0,6.0
4739,182.0,6.0
4740,350.0,6.0
4741,1353.0,6.0
4742,547.0,6.0
4743,814.0,6.0
4744,220.0,6.0
4745,147.0,6.0
4746,398.0,6.0
4747,179.0,6.0
4748,983.0,6.0
4749,419.0,6.0
4750,356.0,6.0
4751,268.0,6.0
4752,188.0,6.0
4753,373.0,6.0
4754,305.0,6.0
4755,370.0,6.0
4756,323.0,6.0
4757,415.0,6.0
4758,583.0,5.0
4759,622.0,5.0
4760,1104.0,5.0
4761,450.0,8.0
4762,3560.0,8.0
4763,477.0,5.0
4764,344.0,5.0
4765,2014.0,5.068025407170671
4766,185.0,5.0
4767,1177.0,5.0
4768,642.0,5.0
4769,678.0,5.0
4770,212.0,5.0
4771,428.0,5.0
4772,585.0,5.0
4773,850.0,5.0
4774,2299.0,5.078278227531457
4775,2569.0,5.078278227531458
4776,799.0,5.0
4777,607.0,5.0
4778,463.0,5.0
4779,501.0,5.0
4780,2087.0,5.078278227531457
4781,1374.0,5.0
4782,5505.0,8.0
4783,1691.0,5.0
4784,1118.0,5.0
4785,746.0,5.0
4786,444.0,5.0
4787,369.0,5.0
4788,1665.0,5.0
4789,1730.0,5.0
4790,437.0,5.0
4791,1319.0,5.0
4792,63.0,4.0
4793,739.0,6.0
4794,659.0,4.0
4795,244.0,4.0
4796,511.0,4.0
4797,164.0,4.0
4798,574.0,4.0
4799,318.0,4.0
4800,204.0,4.0
4801,103.0,4.0
4802,339.0,4.0
4803,115.0,4.0
4804,3108.0,6.0
4805,633.0,4.0
4806,298.0,4.0
4807,660.0,4.0
4808,342.0,4.0
4809,74.0,4.0
4810,426.0,4.0
4811,408.0,4.0
4812,287.0,4.0
4813,1486.0,9.0
4814,2016.0,9.069513458670864
4815,920.0,9.0
4816,1068.0,9.0
4817,429.0,9.0
4818,1145.0,10.0
4819,665.0,9.0
4820,729.0,9.0
4821,3287.0,9.078278227531458
4822,1038.0,9.0
4823,2347.0,10.052185485020972
4824,1394.0,9.0
4825,914.0,10.0
4826,5902.0,9.078278227531458
4827,2887.0,9.078278227531458
4828,3100.0,9.078278227531458
4829,1221.0,9.0
4830,730.0,9.0
4831,671.0,10.0
4832,1863.0,9.0
4833,1196.0,9.0
4834,8243.0,10.05218548502097
4835,1467.0,9.0
4836,3839.0,9.078278227531458
4837,20986.0,9.07827822753146
4838,6901.0,10.052185485020972
4839,210770.0,10.052185485020972
4840,1210.0,9.0
4841,2426.0,9.078278227531458
4842,1295.0,9.0
4843,826.0,9.0
4844,983.0,9.0
4845,16799.0,9.078278227531458
4846,5421.0,10.052185485020972
4847,6485.0,10.052185485020972
4848,833.0,9.0
4849,5720.0,9.078278227531458
4850,8533.0,9.078278227531458
4851,2480.0,9.078278227531458
4852,562.0,9.0
4853,2548.0,9.078278227531458
4854,587.0,9.0
4855,153.0,9.0
4856,1376.0,9.0
4857,1546.0,9.0
4858,1851.0,9.0
4859,1639.0,9.0
4860,2103.0,9.078278227531456
4861,9871.0,9.078278227531458
4862,25521.0,10.052185485020972
4863,1737.0,9.0
4864,719.0,9.0
4865,10749.0,10.052185485020972
4866,1684.0,9.0
4867,1159.0,9.0
4868,11121.0,10.052185485020972
4869,3636.0,10.05218548502097
4870,6744.0,10.052185485020972
4871,510.0,9.0
4872,2020.0,8.0
4873,9786.0,8.0
4874,2754.0,8.0
4875,476.0,8.0
4876,612.0,8.0
4877,691.0,8.0
4878,437.0,8.0
4879,235.0,8.0
4880,531.0,8.0
4881,730.0,8.0
4882,955.0,8.0
4883,1042.0,8.0
4884,901.0,8.0
4885,874.0,8.0
4886,2491.0,8.0
4887,1343.0,8.0
4888,770.0,8.0
4889,1034.0,8.0
4890,629.0,8.0
4891,1304.0,8.0
4892,637.0,8.0
4893,1090.0,8.0
4894,676.0,8.0
4895,1689.0,8.0
4896,783.0,8.0
4897,208.0,8.0
4898,771.0,8.0
4899,3360.0,8.0
4900,431.0,8.0
4901,766.0,8.0
4902,781.0,8.0
4903,508.0,8.0
4904,441.0,8.0
4905,1725.0,8.0
4906,412.0,8.0
4907,930.0,8.0
4908,752.0,8.0
4909,864.0,8.0
4910,5244.0,8.0
4911,952.0,8.0
4912,1092.0,10.0
4913,787.0,10.0
4914,294.0,10.0
4915,324.0,10.0
4916,1247.0,10.0
4917,304.0,10.0
4918,308.0,10.0
4919,742.0,10.0
4920,976.0,10.0
4921,1082.0,10.0
4922,697.0,10.0
4923,1824.0,10.0
4924,1568.0,10.0
4925,2352.0,10.0
4926,945.0,10.0
4927,6349.0,10.0
4928,640.0,10.0
4929,762.0,10.0
4930,717.0,10.0
4931,843.0,8.0
4932,516.0,8.0
4933,462.0,8.0
4934,161.0,8.0
4935,148.0,8.0
4936,659.0,8.0
4937,765.0,8.0
4938,290.0,8.0
4939,911.0,8.0
4940,519.0,8.0
4941,512.0,8.0
4942,903.0,8.0
4943,303.0,8.0
4944,865.0,8.0
4945,428.0,8.0
4946,477.0,8.0
4947,805.0,8.0
4948,763.0,8.0
4949,16604.0,8.0
4950,523.0,8.0
4951,1698.0,8.0
4952,719.0,8.0
4953,649.0,4.0
4954,753.0,4.0
4955,883.0,4.0
4956,161.0,4.0
4957,1077.0,4.0
4958,564.0,4.0
4959,607.0,4.0
4960,1295.0,4.0
4961,317.0,4.0
4962,424.0,4.0
4963,310.0,4.0
4964,549.0,4.0
4965,10566.0,4.0
4966,2286.0,4.0
4967,471.0,4.0
4968,357.0,4.0
4969,162.0,4.0
4970,1741.0,4.0
4971,151.0,4.0
4972,675.0,4.0
4973,407.0,4.0
4974,332.0,4.0
4975,739.0,4.0
4976,1227.0,4.0
4977,613.0,4.0
4978,1870.0,4.0
4979,426.0,4.0
4980,419.0,4.0
4981,176.0,4.0
4982,354.0,4.0
4983,5944.0,8.0
4984,868.0,8.0
4985,825.0,8.0
4986,1437.0,8.0
4987,560.0,8.0
4988,559.0,8.0
4989,46475.0,8.0
4990,291.0,8.0
4991,189.0,8.0
4992,963.0,8.0
4993,782.0,8.0
4994,767.0,8.0
4995,293.0,8.0
4996,3071.0,8.0
4997,2509.0,8.0
4998,1848.0,8.0
4999,5540.0,8.0
5000,273.0,8.0
5001,706.0,4.0
5002,295.0,4.0
5003,149.0,4.0
5004,154.0,4.0
5005,1594.0,4.0
5006,303.0,4.0
5007,146.0,4.0
5008,122.0,4.0
5009,752.0,10.0
5010,1325.0,10.0
5011,1877.0,10.0
5012,573.0,10.0
5013,1229.0,10.0
5014,1027.0,10.0
5015,1290.0,10.0
5016,541.0,10.0
5017,766.0,10.0
5018,1008.0,10.0
5019,2118.0,10.0
5020,221.0,10.0
5021,23647.0,10.0
5022,2747.0,10.0
5023,751.0,10.0
5024,1788.0,10.0
5025,1299.0,10.0
5026,809.0,10.0
5027,512.0,10.0
5028,382.0,10.0
5029,3035.0,10.0
5030,741.0,10.0
5031,515.0,10.0
5032,1385.0,10.0
5033,4840.0,10.0
5034,968.0,10.0
5035,697.0,10.0
5036,484.0,10.0
5037,347.0,10.0
5038,501.0,10.0
5039,3640.0,10.0
5040,1015.0,10.0
5041,150.0,4.0
5042,386.0,4.0
5043,352.0,4.0
5044,125.0,4.0
5045,66.0,4.0
5046,1043.0,4.0
5047,445.0,4.0
5048,275.0,4.0
5049,312.0,4.0
5050,816.0,4.0
5051,700.0,4.0
5052,855.0,4.0
5053,35.0,4.0
5054,117.0,4.0
5055,630.0,4.0
5056,256.0,4.0
5057,417.0,6.0
5058,433.0,6.0
5059,250.0,4.0
5060,263.0,4.0
5061,1738.0,6.0
5062,239.0,2.0
5063,553.0,2.0
5064,267.0,4.0
5065,151.0,2.0
5066,159.0,4.0
5067,1314.0,6.0
5068,694.0,6.0
5069,375.0,6.0
5070,1539.0,6.0
5071,300.0,4.0
5072,267.0,4.0
5073,362.0,4.0
5074,715.0,6.0
5075,629.0,6.0
5076,205.0,2.0
5077,1635.0,6.0
5078,2512.0,6.0
5079,313.0,4.0
5080,447.0,4.0
5081,185.0,2.0
5082,393.0,6.0
5083,311.0,2.0
5084,108.0,2.0
5085,402.0,6.0
5086,123.0,6.0
5087,126.0,6.0
5088,324.0,2.0
5089,742.0,6.0
5090,449.0,4.0
5091,351.0,6.0
5092,505.0,6.0
5093,94.0,4.0
5094,198.0,2.0
5095,6799.0,8.0
5096,1016.0,6.0
5097,455.0,4.0
5098,536.0,6.0
5099,547.0,6.0
5100,473.0,6.0
5101,237.0,4.0
5102,407.0,2.0
5103,245.0,4.0
5104,209.0,2.0
5105,60.0,4.0
5106,115.0,2.0
5107,227.0,2.0
5108,393.0,10.0
5109,651.0,10.0
5110,858.0,10.0
5111,1883.0,10.0
5112,875.0,10.0
5113,157.0,10.0
5114,519.0,10.0
5115,783.0,10.0
5116,1259.0,10.0
5117,1600.0,10.0
5118,796.0,10.0
5119,394.0,10.0
5120,6234.0,10.0
5121,861.0,10.0
5122,766.0,10.0
5123,453.0,10.0
5124,1588.0,10.0
5125,1076.0,10.0
5126,629.0,10.0
5127,746.0,10.0
5128,582.0,10.0
5129,801.0,10.0
5130,3206.0,4.0
5131,859.0,4.0
5132,1487.0,4.0
5133,769.0,4.0
5134,912.0,4.0
5135,232.0,4.0
5136,365.0,4.0
5137,353.0,4.0
5138,460.0,4.0
5139,872.0,4.0
5140,131.0,4.0
5141,396.0,4.0
5142,813.0,4.0
5143,1228.0,4.0
5144,288.0,4.0
5145,264.0,4.0
5146,591.0,6.0
5147,1062.0,6.0
5148,298.0,6.0
5149,884.0,7.0
5150,858.0,7.0
5151,245.0,6.0
5152,314.0,6.0
5153,3178.0,7.026092742510486
5154,1203.0,6.0
5155,236.0,6.0
5156,555.0,6.0
5157,485.0,6.0
5158,179.0,6.0
5159,288.0,6.0
5160,501.0,6.0
5161,336.0,6.0
5162,1774.0,6.0
5163,694.0,6.0
5164,459.0,6.0
5165,214.0,6.0
5166,138.0,6.0
5167,459.0,6.0
5168,451.0,6.0
5169,332.0,6.0
5170,276.0,6.0
5171,49.0,2.0
5172,124.0,4.0
5173,114.0,4.0
5174,978.0,4.0
5175,403.0,2.0
5176,155.0,4.0
5177,1336.0,4.0
5178,570.0,4.0
5179,311.0,4.0
5180,129.0,4.0
5181,266.0,4.0
5182,243.0,4.0
5183,1007.0,6.0
5184,773.0,6.0
5185,615.0,4.0
5186,299.0,4.0
5187,90.0,4.0
5188,2025.0,6.0
5189,1148.0,4.0
5190,346.0,4.0
5191,188.0,4.0
5192,203.0,4.0
5193,278.0,4.0
5194,483.0,4.0
5195,297.0,4.0
5196,400.0,4.0
5197,466.0,4.0
5198,231.0,4.0
5199,221.0,4.0
5200,567.0,4.0
5201,362.0,4.0
5202,284.0,4.0
5203,275.0,4.0
5204,123.0,4.0
5205,328.0,4.0
5206,419.0,4.0
5207,300.0,4.0
5208,224.0,4.0
5209,978.0,10.0
5210,537.0,10.0
5211,1517.0,10.0
5212,1113.0,10.0
5213,7748.0,10.052185485020972
5214,801.0,10.0
5215,3526.0,10.052185485020972
5216,4785.0,10.052185485020972
5217,1531.0,10.0
5218,2107.0,10.052185485020972
5219,2709.0,10.05218548502097
5220,4615.0,10.05218548502097
5221,1748.0,10.0
5222,825.0,10.0
5223,2454.0,10.05218548502097
5224,1185.0,10.0
5225,945.0,10.0
5226,456.0,10.0
5227,1773.0,10.0
5228,663.0,10.0
5229,2220.0,10.052185485020972
5230,692.0,10.0
5231,14337.0,10.052185485020972
5232,1509.0,10.0
5233,529.0,6.0
5234,388.0,4.0
5235,513.0,6.0
5236,252.0,4.0
5237,781.0,6.0
5238,66.0,4.0
5239,417.0,4.0
5240,1407.0,6.0
5241,112.0,4.0
5242,485.0,4.0
5243,27.0,4.0
5244,1110.0,4.0
5245,502.0,4.0
5246,621.0,6.0
5247,1005.0,6.0
5248,293.0,4.0
5249,289.0,4.0
5250,2263.0,4.0
5251,576.0,6.0
5252,1679.0,6.0
5253,853.0,6.0
5254,342.0,2.0
5255,453.0,6.0
5256,236.0,4.0
5257,477.0,4.0
5258,148.0,4.0
5259,400.0,4.0
5260,445.0,6.0
5261,1168.0,10.0
5262,3772.0,10.0
5263,54035.0,10.0
5264,2160.0,10.0
5265,1116.0,10.0
5266,15258.0,10.0
5267,2494.0,10.0
5268,10117.0,10.000000000000002
5269,6152.0,9.999999999999998
5270,654.0,10.0
5271,4318.0,10.0
5272,2458.0,10.000000000000002
5273,598.0,4.0
5274,1982.0,4.0
5275,710.0,4.0
5276,409.0,4.0
5277,810.0,4.0
5278,690.0,4.0
5279,1778.0,4.0
5280,599.0,4.0
5281,1656.0,4.0
5282,1047.0,4.0
5283,988.0,4.0
5284,528.0,4.0
5285,1018.0,4.0
5286,889.0,4.0
5287,1027.0,8.0
5288,394.0,8.0
5289,924.0,8.0
5290,656.0,8.0
5291,3013.0,8.104370970041943
5292,1427.0,8.0
5293,1547.0,8.0
5294,1773.0,8.0
5295,3258.0,8.104370970041943
5296,7818.0,8.104370970041943
5297,32812.0,8.104370970041943
5298,1263.0,8.0
5299,12953.0,8.104370970041943
5300,4216.0,8.104370970041943
5301,478.0,8.0
5302,3535.0,8.104370970041943
5303,350.0,8.0
5304,3559.0,8.104370970041943
5305,482.0,4.0
5306,330.0,4.0
5307,575.0,4.0
5308,394.0,4.0
5309,611.0,4.0
5310,343.0,4.0
5311,221.0,4.0
5312,540.0,6.0
5313,1128.0,5.0
5314,585.0,4.0
5315,260.0,4.0
5316,233.0,4.0
5317,152.0,4.0
5318,347.0,4.0
5319,225.0,4.0
5320,201.0,4.0
5321,93.0,4.0
5322,334.0,4.0
5323,200.0,4.0
5324,733.0,4.0
5325,204.0,4.0
5326,247.0,4.0
5327,295.0,4.0
5328,65.0,4.0
5329,507.0,4.0
5330,531.0,4.0
5331,349.0,4.0
5332,398.0,4.0
5333,4487.0,4.0
5334,961.0,4.0
5335,983.0,4.0
5336,360.0,4.0
5337,368.0,4.0
5338,632.0,4.0
5339,643.0,4.0
5340,83.0,4.0
5341,246.0,4.0
5342,732.0,4.0
5343,151.0,4.0
5344,992.0,4.0
5345,116.0,4.0
5346,616.0,4.0
5347,153.0,4.0
5348,195.0,4.0
5349,625.0,4.0
5350,326.0,9.0
5351,1897.0,9.0
5352,598.0,9.0
5353,277.0,9.0
5354,702.0,9.0
5355,761.0,9.0
5356,5419.0,9.182649197573399
5357,2050.0,9.1826491975734
5358,1320.0,9.0
5359,505.0,9.0
5360,398.0,9.0
5361,610.0,9.0
5362,992.0,9.0
5363,309.0,9.0
5364,105.0,9.0
5365,2204.0,9.1826491975734
5366,363.0,9.0
5367,288.0,9.0
5368,1188.0,3.0
5369,462.0,3.0
5370,972.0,2.0
5371,914.0,2.0
5372,596.0,3.0
5373,465.0,2.0
5374,868.0,4.0
5375,919.0,4.0
5376,209.0,2.0
5377,2731.0,6.0
5378,1447.0,2.0
5379,955.0,3.0
5380,20395.0,8.0
5381,756.0,3.0
5382,1730.0,3.0
5383,542.0,3.0
5384,208.0,2.0
5385,1067.0,2.0
5386,967.0,3.0
5387,894.0,3.0
5388,1617.0,3.0
5389,701.0,2.0
5390,687.0,3.0
5391,449.0,3.0
5392,1477.0,3.0
5393,297.0,3.0
5394,6955.0,3.0260927425104853
5395,1275.0,4.0
5396,616.0,3.0
5397,533.0,3.0
5398,727.0,7.0
5399,568.0,7.0
5400,731.0,7.0
5401,280.0,7.0
5402,804.0,7.0
5403,310.0,7.0
5404,660.0,7.0
5405,1022.0,7.0
5406,731.0,7.0
5407,880.0,7.0
5408,496.0,7.0
5409,958.0,7.0
5410,111.0,7.0
5411,454.0,7.0
5412,671.0,7.0
5413,91.0,7.0
5414,385.0,7.0
5415,388.0,7.0
5416,413.0,7.0
5417,273.0,7.0
5418,349.0,7.0
5419,569.0,7.0
5420,246.0,7.0
5421,449.0,7.0
5422,474.0,7.0
5423,493.0,7.0
5424,407.0,7.0
5425,446.0,7.0
5426,1515.0,7.0
5427,5881.0,7.078278227531458
5428,1483.0,7.0
5429,1989.0,7.049296440167621
5430,755.0,7.0
5431,1069.0,7.0
5432,2989.0,7.078278227531459
5433,1643.0,7.0
5434,719.0,7.0
5435,483.0,7.0
5436,855.0,7.0
5437,676.0,7.0
5438,5281.0,7.078278227531456
5439,566.0,7.0
5440,1275.0,7.0
5441,3658.0,7.078278227531457
5442,1392.0,7.0
5443,1106.0,7.0
5444,1062.0,7.0
5445,1934.0,7.007238459512148
5446,1038.0,7.0
5447,1204.0,7.0
5448,203.0,7.0
5449,22776.0,7.078278227531458
5450,1609.0,7.0
5451,9697.0,7.078278227531458
5452,466.0,7.0
5453,516.0,7.0
5454,589.0,4.0
5455,456.0,4.0
5456,814.0,4.0
5457,598.0,4.0
5458,432.0,4.0
5459,648.0,4.0
5460,435.0,4.0
5461,463.0,4.0
5462,1204.0,4.0
5463,873.0,4.0
5464,5914.0,4.0
5465,642.0,4.0
5466,989.0,4.0
5467,639.0,4.0
5468,669.0,4.0
5469,2036.0,4.0
5470,3002.0,4.0
5471,1370.0,4.0
5472,203.0,4.0
5473,930.0,4.0
5474,473.0,4.0
5475,2825.0,4.0
5476,518.0,4.0
5477,335.0,4.0
5478,926.0,4.0
5479,743.0,4.0
5480,392.0,4.0
5481,575.0,4.0
5482,275.0,4.0
5483,547.0,4.0
5484,569.0,4.0
5485,903.0,4.0
5486,870.0,4.0
5487,316.0,4.0
5488,269.0,4.0
5489,463.0,4.0
5490,311.0,4.0
5491,376.0,4.0
5492,647.0,4.0
5493,1049.0,4.0
5494,417.0,4.0
5495,612.0,4.0
5496,701.0,4.0
5497,591.0,4.0
5498,2119.0,6.0521854850209715
5499,3577.0,7.078278227531457
5500,8815.0,7.078278227531459
5501,11502.0,7.078278227531457
5502,5422.0,7.078278227531458
5503,25626.0,7.078278227531458
5504,10027.0,7.078278227531459
5505,10765.0,7.078278227531456
5506,24264.0,7.078278227531457
5507,5349.0,7.078278227531457
5508,319987.0,7.981492789703734
5509,24218.0,7.078278227531457
5510,1317.0,7.0
5511,6557.0,7.078278227531456
5512,10624.0,7.078278227531457
5513,12789.0,7.078278227531457
5514,36328.0,6.943894994176967
5515,36422.0,7.892432793095698
5516,2071.0,7.078278227531457
5517,10823.0,7.078278227531458
5518,546.0,4.0
5519,979.0,4.0
5520,822.0,4.0
5521,635.0,4.0
5522,283.0,4.0
5523,446.0,4.0
5524,321.0,4.0
5525,489.0,4.0
5526,370.0,4.0
5527,267.0,4.0
5528,250.0,4.0
5529,1404.0,4.0
5530,767.0,4.0
5531,554.0,4.0
5532,1012.0,4.0
5533,61.0,2.0
5534,131.0,4.0
5535,244.0,4.0
5536,165.0,4.0
5537,488.0,4.0
5538,526.0,6.0
5539,325.0,4.0
5540,56.0,4.0
5541,324.0,4.0
5542,5447.0,4.0
5543,2210.0,4.0
5544,5377.0,4.0
5545,989.0,4.0
5546,332.0,4.0
5547,339.0,4.0
5548,373.0,4.0
5549,286.0,4.0
5550,328.0,4.0
5551,80.0,4.0
5552,1555.0,6.0
5553,233.0,6.0
5554,1088.0,6.0
5555,529.0,6.0
5556,2339.0,6.0
5557,277.0,6.0
5558,783.0,6.0
5559,733.0,6.0
5560,399.0,4.0
5561,728.0,6.0
5562,338.0,6.0
5563,518.0,6.0
5564,697.0,6.0
5565,4141.0,6.0
5566,469.0,6.0
5567,743.0,6.0
5568,701.0,6.0
5569,2669.0,6.0
5570,949.0,6.0
5571,1801.0,6.0
5572,884.0,6.0
5573,1041.0,6.0
5574,710.0,6.0
5575,613.0,6.0
5576,1088.0,6.0
5577,291.0,6.0
5578,924.0,6.0
5579,593.0,4.0
5580,904.0,4.0
5581,1555.0,4.0
5582,288.0,6.0
5583,1065.0,4.0
5584,868.0,3.0
5585,302.0,4.0
5586,130.0,4.0
5587,4124.0,4.0
5588,216.0,4.0
5589,2247.0,4.0
5590,1199.0,4.0
5591,2060.0,4.0
5592,53.0,4.0
5593,1927.0,4.0
5594,4821.0,4.0
5595,348.0,4.0
5596,462.0,4.0
5597,1487.0,4.0
5598,2083.0,4.0
5599,682.0,4.0
5600,1612.0,4.0
5601,47135.0,8.0
5602,161.0,8.0
5603,829.0,8.0
5604,906.0,8.0
5605,886.0,8.0
5606,4873.0,8.0
5607,2877.0,8.0
5608,702.0,8.0
5609,2558.0,8.0
5610,2131.0,8.0
5611,383.0,8.0
5612,2380.0,8.0
5613,4431.0,8.0
5614,15722.0,8.0
5615,9271.0,8.0
5616,766.0,8.0
5617,2174.0,8.0
5618,11445.0,8.0
5619,932.0,8.0
5620,5200.0,8.0
5621,580.0,8.0
5622,8074.0,8.0
5623,597.0,8.0
5624,402.0,8.0
5625,157.0,8.0
5626,2671.0,8.0
5627,924.0,8.0
5628,2272.0,8.0
5629,869.0,8.0
5630,541.0,8.0
5631,1237.0,8.0
5632,1729.0,10.0
5633,1129.0,10.0
5634,9884.0,10.0
5635,4841.0,10.0
5636,1587.0,10.0
5637,1522.0,10.0
5638,9152.0,10.0
5639,3381.0,10.0
5640,19637.0,10.0
5641,8944.0,10.0
5642,1218.0,10.0
5643,2974.0,10.0
5644,1425.0,10.0
5645,2450.0,10.0
5646,420.0,4.0
5647,1183.0,4.0
5648,502.0,4.0
5649,223.0,4.0
5650,395.0,4.0
5651,535.0,4.0
5652,551.0,4.0
5653,78.0,4.0
5654,186.0,4.0
5655,536.0,4.0
5656,295.0,4.0
5657,271.0,6.0
5658,1823.0,6.0
5659,368.0,6.0
5660,1986.0,5.999999999999999
5661,826.0,6.0
5662,480.0,6.0
5663,508.0,8.0
5664,746.0,6.0
5665,623.0,8.0
5666,202.0,6.0
5667,94.0,6.0
5668,442.0,6.0
5669,885.0,6.0
5670,1834.0,6.0
5671,355.0,6.0
5672,3020.0,8.0
5673,10797.0,8.0
5674,1741.0,6.0
5675,308.0,6.0
5676,343.0,6.0
5677,437.0,6.0
5678,931.0,6.0
5679,1327.0,8.0
5680,1221.0,8.0
5681,403.0,6.0
5682,2296.0,4.0
5683,1914.0,4.0
5684,837.0,4.0
5685,610.0,4.0
5686,1074.0,4.0
5687,619.0,4.0
5688,994.0,4.0
5689,513.0,4.0
5690,482.0,4.0
5691,388.0,4.0
5692,327.0,4.0
5693,679.0,4.0
5694,713.0,4.0
5695,587.0,4.0
5696,578.0,4.0
5697,1281.0,4.0
5698,1497.0,4.0
5699,702.0,4.0
5700,1247.0,4.0
5701,814.0,4.0
5702,365.0,4.0
5703,784.0,4.0
5704,1671.0,4.0
5705,225.0,4.0
5706,715.0,4.0
5707,695.0,4.0
5708,272.0,4.0
5709,588.0,4.0
5710,893.0,4.0
5711,1913.0,4.0
5712,2304.0,4.0
5713,1606.0,4.0
5714,839.0,4.0
5715,511.0,4.0
5716,529.0,4.0
5717,632.0,4.231460781799185
5718,263.0,2.0
5719,487.0,5.0
5720,799.0,2.0
5721,1094.0,3.5292968911242895
5722,266.0,2.0
5723,466.0,2.0
5724,853.0,2.0
5725,994.0,3.6410691807046747
5726,758.0,6.627308213413337
5727,746.0,2.0
5728,1382.0,4.130850769995777
5729,3967.0,4.140523534868478
5730,246.0,2.0
5731,1151.0,3.4721447344605387
5732,869.0,2.0
5733,116.0,2.0
5734,552.0,2.0
5735,467.0,2.8897149737650585
5736,465.0,2.0
5737,9397.0,4.140523534868478
5738,1083.0,4.568068215263766
5739,300.0,2.0
5740,1600.0,3.137333433121083
5741,17021.0,4.140523534868478
5742,2210.0,2.9173672292293475
5743,1237.0,2.0
5744,89.0,6.0
5745,185.0,6.0
5746,463.0,6.0
5747,788.0,6.0
5748,231.0,6.0
5749,762.0,6.0
5750,426.0,6.0
5751,101.0,6.0
5752,140.0,4.0
5753,157.0,6.0
5754,277.0,6.0
5755,90.0,6.0
5756,229.0,6.0
5757,237.0,6.0
5758,867.0,6.0
5759,518.0,6.0
5760,1371.0,6.0
5761,863.0,6.0
5762,374.0,6.0
5763,328.0,6.0
5764,261.0,6.0
5765,1227.0,6.0
5766,6939.0,8.0
5767,4619.0,8.0
5768,18877.0,8.0
5769,2641.0,8.0
5770,386.0,8.0
5771,19963.0,8.0
5772,179.0,8.0
5773,6113.0,8.0
5774,40237.0,8.0
5775,3094.0,8.0
5776,2888.0,8.0
5777,3416.0,8.0
5778,3498.0,8.0
5779,4326.0,8.0
5780,4926.0,8.0
5781,1402.0,8.0
5782,2427.0,8.0
5783,274.0,4.0
5784,308.0,4.0
5785,84.0,4.0
5786,1088.0,4.0
5787,217.0,4.0
5788,483.0,4.0
5789,327.0,4.0
5790,230.0,4.0
5791,281.0,4.0
5792,401.0,4.0
5793,553.0,4.0
5794,353.0,4.0
5795,374.0,4.0
5796,818.0,4.0
5797,2974.0,4.0
5798,352.0,4.0
5799,466.0,4.0
5800,295.0,4.0
5801,423.0,4.0
5802,311.0,2.0
5803,332.0,4.0
5804,45.0,4.0
5805,406.0,8.0
5806,18112.0,8.05218548502097
5807,5471.0,8.05218548502097
5808,693.0,8.0
5809,795.0,8.0
5810,1370.0,8.0
5811,606.0,8.0
5812,3983.0,8.05218548502097
5813,3947.0,8.05218548502097
5814,578.0,8.0
5815,2882.0,8.05218548502097
5816,1974.0,8.025295844031834
5817,42203.0,8.00526676356841
5818,2888.0,8.052185485020972
5819,555.0,8.0
5820,567.0,8.0
5821,799.0,8.0
5822,488.0,8.0
5823,3957.0,8.05218548502097
5824,2361.0,8.05218548502097
5825,1173.0,8.0
5826,1025.0,8.0
5827,861.0,8.0
5828,761.0,8.0
5829,1881.0,8.0
5830,505.0,8.0
5831,1849.0,8.0
5832,1494.0,8.0
5833,415.0,4.0
5834,352.0,4.0
5835,96.0,4.0
5836,460.0,4.0
5837,35.0,4.0
5838,47.0,4.0
5839,388.0,4.0
5840,685.0,4.0
5841,51.0,4.0
5842,502.0,4.0
5843,260.0,4.0
5844,190.0,4.0
5845,88.0,4.0
5846,143.0,4.0
5847,41.0,4.0
5848,1770.0,6.0
5849,200.0,4.0
5850,289.0,4.0
5851,156.0,4.0
5852,141.0,4.0
5853,443.0,4.0
5854,152.0,4.0
5855,96.0,4.0
5856,206.0,4.0
5857,406.0,4.0
5858,517.0,4.0
5859,67.0,4.0
5860,188.0,4.0
5861,296.0,4.0
5862,159.0,4.0
5863,46.0,4.0
5864,356.0,4.0
5865,100.0,4.0
5866,2660.0,10.000000000000002
5867,734.0,10.0
5868,612.0,10.0
5869,473.0,10.0
5870,152.0,10.0
5871,896.0,10.0
5872,602.0,10.0
5873,502.0,10.0
5874,448.0,10.0
5875,529.0,10.0
5876,777.0,10.0
5877,1201.0,10.0
5878,1851.0,10.0
5879,10389.0,10.0
5880,6601.0,10.0
5881,1384.0,10.0
5882,7404.0,10.0
5883,2900.0,10.000000000000002
5884,405.0,10.0
5885,2958.0,10.000000000000002
5886,1505.0,10.0
5887,358.0,10.0
5888,3392.0,9.999999999999998
5889,2193.0,10.0
5890,3466.0,10.0
5891,624.0,10.0
5892,653.0,10.0
5893,460.0,10.0
5894,2770.0,10.0
5895,4403.0,10.000000000000002
5896,1350.0,10.0
5897,139.0,10.0
5898,927.0,10.0
5899,7938.0,10.0
5900,1304.0,10.0
5901,409.0,10.0
5902,1298.0,10.0
5903,1599.0,10.0
5904,1197.0,10.0
5905,812.0,10.0
5906,479.0,10.0
5907,333.0,10.0
5908,758.0,10.0
5909,534.0,10.0
5910,154.0,10.0
5911,334.0,10.0
5912,1715.0,10.0
5913,229.0,10.0
5914,1157.0,10.0
5915,100.0,10.0
5916,181.0,10.0
5917,392.0,10.0
5918,1036.0,10.0
5919,354.0,10.0
5920,517.0,10.0
5921,3036.0,10.0
5922,781.0,10.0
5923,6168.0,10.0
5924,797.0,10.0
5925,250.0,10.0
5926,2455.0,10.0
5927,1125.0,10.0
5928,1421.0,10.0
5929,540.0,10.0
5930,553.0,10.0
5931,461.0,10.0
5932,972.0,10.0
5933,351.0,10.0
5934,627.0,10.0
5935,498.0,10.0
5936,1749.0,6.0
5937,62.0,4.0
5938,236.0,4.0
5939,191.0,4.0
5940,464.0,4.0
5941,113.0,4.0
5942,1472.0,4.0
5943,2523.0,4.0
5944,545.0,4.0
5945,1097.0,6.0
5946,103.0,4.0
5947,125.0,4.0
5948,251.0,4.0
5949,115.0,4.0
5950,319.0,4.0
5951,965.0,4.0
5952,745.0,6.0
5953,404.0,6.0
5954,260.0,4.0
5955,205.0,4.0
5956,744.0,4.0
5957,382.0,4.0
5958,1350.0,4.0
5959,137.0,2.0
5960,360.0,4.0
5961,444.0,4.0
5962,1259.0,4.0
5963,456.0,2.0
5964,474.0,4.0
5965,934.0,4.0
5966,161.0,4.0
5967,403.0,4.0
5968,145.0,2.0
5969,405.0,4.0
5970,224.0,4.0
5971,617.0,4.0
5972,711.0,4.0
5973,323.0,4.0
5974,490.0,4.0
5975,496.0,4.0
5976,363.0,4.0
5977,913.0,4.0
5978,629.0,4.0
5979,209.0,4.0
5980,280.0,4.0
5981,324.0,4.0
5982,623.0,4.0
5983,619.0,4.0
5984,1341.0,4.0
5985,343.0,4.0
5986,5349.0,4.0
5987,440.0,4.0
5988,1348.0,4.0
5989,687.0,4.0
5990,2297.0,4.0
5991,525.0,4.0
5992,573.0,4.0
5993,338.0,8.0
5994,491.0,8.0
5995,1546.0,8.0
5996,865.0,8.0
5997,352.0,8.0
5998,1092.0,8.0
5999,1315.0,8.0
6000,1757.0,8.0
6001,2388.0,8.0
6002,1659.0,8.0
6003,2146.0,8.0
6004,1169.0,8.0
6005,906.0,8.0
6006,555.0,8.0
6007,2294.0,8.0
6008,5883.0,8.0
6009,2292.0,8.0
6010,1121.0,8.0
6011,1703.0,8.0
6012,247.0,8.0
6013,1332.0,8.0
6014,27488.0,8.0
6015,6195.0,8.0
6016,5938.0,8.0
6017,1285.0,8.0
6018,1139.0,8.0
6019,336.0,8.0
6020,2660.0,8.0
6021,232.0,6.0
6022,576.0,6.0
6023,512.0,6.0
6024,174.0,6.0
6025,427.0,6.0
6026,157.0,6.0
6027,262.0,6.0
6028,313.0,6.0
6029,441.0,6.0
6030,183.0,6.0
6031,507.0,6.0
6032,397.0,6.0
6033,171.0,6.0
6034,734.0,6.0
6035,84.0,6.0
6036,254.0,6.0
6037,193.0,6.0
6038,2559.0,8.05218548502097
6039,1824.0,6.0
6040,231.0,6.0
6041,111.0,6.0
6042,518.0,6.0
6043,517.0,6.0
6044,231.0,6.0
6045,317.0,6.0
6046,182.0,6.0
6047,525.0,6.0
6048,455.0,4.0
6049,976.0,8.0
6050,1131.0,4.0
6051,709.0,4.0
6052,289.0,4.0
6053,651.0,4.0
6054,182.0,4.0
6055,278.0,4.0
6056,424.0,4.0
6057,335.0,4.0
6058,903.0,4.0
6059,1219.0,4.0
6060,1105.0,4.0
6061,715.0,4.0
6062,642.0,4.0
6063,415.0,4.0
6064,1160.0,4.0
6065,476.0,4.0
6066,250.0,4.0
6067,556.0,4.0
6068,670.0,4.0
6069,605.0,4.0
6070,1288.0,4.0
6071,1411.0,4.0
6072,385.0,6.0
6073,920.0,4.0
6074,983.0,4.0
6075,186.0,4.0
6076,695.0,4.0
6077,298.0,4.0
6078,543.0,4.0
6079,527.0,4.0
6080,216.0,4.0
6081,327.0,4.0
6082,721.0,4.0
6083,156.0,4.0
6084,532.0,4.0
6085,248.0,4.0
6086,660.0,4.0
6087,424.0,4.0
6088,809.0,4.0
6089,445.0,4.0
6090,792.0,4.0
6091,356.0,4.0
6092,461.0,4.0
6093,238.0,4.0
6094,277.0,4.0
6095,245.0,4.0
6096,258.0,4.0
6097,381.0,4.0
6098,570.0,4.0
6099,270.0,4.0
6100,2884.0,4.0
6101,1291.0,4.0
6102,448.0,4.0
6103,1446.0,4.0
6104,437.0,4.0
6105,312.0,4.0
6106,2651.0,10.0
6107,939.0,10.0
6108,968.0,10.0
6109,1143.0,10.0
6110,1060.0,10.0
6111,2148.0,10.0
6112,778.0,10.0
6113,2117.0,10.0
6114,617.0,10.0
6115,1067.0,10.0
6116,506.0,10.0
6117,676.0,10.0
6118,1730.0,10.0
6119,1355.0,10.0
6120,429.0,10.0
6121,3976.0,8.0
6122,70.0,8.0
6123,894.0,8.0
6124,1050.0,8.0
6125,4879.0,8.0
6126,3729.0,8.0
6127,3419.0,8.0
6128,3224.0,8.0
6129,6199.0,8.0
6130,1514.0,8.0
6131,4049.0,8.0
6132,1861.0,8.0
6133,1607.0,8.0
6134,1951.0,8.0
6135,5372.0,8.0
6136,1932.0,8.0
6137,2473.0,8.0
6138,1407.0,8.0
6139,901.0,8.0
6140,650.0,8.0
6141,1729.0,8.0
6142,2860.0,8.0
6143,1813.0,8.0
6144,1756.0,8.0
6145,1178.0,8.0
6146,6934.0,8.0
6147,1088.0,8.0
6148,2273.0,8.0
6149,314.0,4.0
6150,820.0,4.0
6151,452.0,4.0
6152,586.0,4.0
6153,273.0,2.0
6154,504.0,4.0
6155,280.0,4.0
6156,379.0,4.0
6157,269.0,4.0
6158,217.0,4.0
6159,893.0,4.0
6160,103.0,4.0
6161,158.0,3.0
6162,539.0,4.0
6163,440.0,4.0
6164,351.0,4.0
6165,866.0,4.0
6166,313.0,4.0
6167,943.0,4.0
6168,1447.0,4.0
6169,631.0,4.0
6170,356.0,3.0
6171,163.0,4.0
6172,389.0,4.0
6173,791.0,4.0
6174,2451.0,10.0
6175,2136.0,10.0
6176,3128.0,10.0
6177,2803.0,10.0
6178,15453.0,10.0
6179,194.0,10.0
6180,10835.0,10.0
6181,2658.0,10.0
6182,5837.0,10.0
6183,3039.0,10.0
6184,3045.0,10.0
6185,890.0,10.0
6186,817.0,10.0
6187,3174.0,10.0
6188,9491.0,10.0
6189,4663.0,10.0
6190,3691.0,9.999999999999998
6191,1756.0,10.0
6192,20649.0,10.0
6193,3768.0,10.0
6194,1141.0,10.0
6195,30589.0,10.0
6196,5133.0,10.0
6197,1153.0,10.0
6198,463.0,10.0
6199,5793.0,10.0
6200,6772.0,10.0
6201,1764.0,10.0
6202,1656.0,10.0
6203,2814.0,9.999999999999998
6204,4998.0,10.0
6205,5706.0,10.0
6206,7066.0,10.0
6207,258.0,10.0
6208,1517.0,10.0
6209,8165.0,2.0
6210,29271.0,10.0
6211,2663.0,10.0
6212,6652.0,10.0
6213,6046.0,10.0
6214,6041.0,10.0
6215,19296.0,10.0
6216,1052.0,10.0
6217,30880.0,10.0
6218,1664.0,10.0
6219,14623.0,9.999999999999998
6220,7039.0,10.0
6221,461.0,10.0
6222,2984.0,10.0
6223,12218.0,10.0
6224,5720.0,10.0
6225,4419.0,10.0
6226,9133.0,10.0
6227,6017.0,10.0
6228,2248.0,10.0
6229,46495.0,10.0
6230,6711.0,10.0
6231,542.0,4.0
6232,53.0,4.0
6233,1273.0,8.0
6234,2466.0,8.0
6235,2007.0,4.0
6236,424.0,4.0
6237,212.0,4.0
6238,2609.0,4.0
6239,538.0,4.0
6240,495.0,4.0
6241,342.0,4.0
6242,546.0,4.0
6243,835.0,4.0
6244,717.0,4.0
6245,889.0,4.0
6246,1123.0,4.0
6247,1131.0,4.0
6248,987.0,6.0
6249,817.0,4.0
6250,751.0,4.0
6251,665.0,4.0
6252,2133.0,4.0
6253,4285.0,8.0
6254,119.0,4.0
6255,1002.0,4.0
6256,513.0,4.0
6257,251.0,4.0
6258,798.0,4.0
6259,518.0,4.0
6260,3695.0,4.0
6261,831.0,4.0
6262,1067.0,4.0
6263,407.0,4.0
6264,226.0,4.0
6265,706.0,4.0
6266,761.0,4.0
6267,307.0,4.0
6268,511.0,4.0
6269,696.0,4.0
6270,548.0,4.0
6271,294.0,4.0
6272,420.0,4.0
6273,1104.0,4.0
6274,263.0,4.0
6275,1543.0,4.0
6276,924.0,4.0
6277,285.0,4.0
6278,479.0,4.0
6279,324.0,4.0
6280,652.0,4.0
6281,641.0,4.0
6282,300.0,4.0
6283,474.0,4.0
6284,762.0,4.0
6285,1065.0,4.0
6286,458.0,4.0
6287,1091.0,4.0
6288,944.0,4.0
6289,509.0,4.0
6290,5194.0,10.0
6291,1923.0,10.0
6292,3373.0,10.0
6293,12681.0,10.0
6294,11328.0,10.0
6295,17839.0,10.0
6296,2677.0,10.0
6297,1020.0,10.0
6298,542.0,10.0
6299,2421.0,10.0
6300,1917.0,10.0
6301,38567.0,10.0
6302,1880.0,10.0
6303,987.0,10.0
6304,1208.0,10.0
6305,1005.0,10.0
6306,1380.0,10.0
6307,1422.0,10.0
6308,1860.0,10.0
6309,2127.0,10.0
6310,1005.0,10.0
6311,187.0,9.0
6312,628.0,9.0
6313,416.0,9.0
6314,557.0,9.0
6315,547.0,9.0
6316,353.0,9.0
6317,289.0,9.0
6318,111.0,2.0
6319,256.0,3.0
6320,5595.0,9.1826491975734
6321,518.0,9.0
6322,557.0,9.0
6323,108.0,6.0
6324,1124.0,9.0
6325,11360.0,7.130463712552428
6326,567.0,9.0
6327,187.0,9.0
6328,457.0,8.0
6329,1415.0,9.0
6330,531.0,9.0
6331,1166.0,9.0
6332,930.0,9.0
6333,181.0,4.0
6334,1077.0,9.0
6335,618.0,9.0
6336,303.0,3.0
6337,734.0,9.0
6338,3509.0,9.182649197573399
6339,731.0,9.0
6340,515.0,9.0
6341,734.0,9.0
6342,348.0,9.0
6343,10716.0,7.130463712552429
6344,546.0,9.0
6345,20113.0,6.0
6346,6287.0,6.000000000000001
6347,20034.0,6.000000000000001
6348,7134.0,6.0
6349,7357.0,6.000000000000001
6350,4757.0,6.0
6351,19269.0,7.9521462173082735
6352,6792.0,6.0
6353,2885.0,6.000000000000001
6354,5408.0,8.052185485020972
6355,47711.0,5.696229281442858
6356,12086.0,6.000000000000001
6357,37105.0,6.103690355810672
6358,1372.0,6.0
6359,18401.0,6.0
6360,5275.0,6.0
6361,17998.0,7.945448989936196
6362,5477.0,8.0
6363,18032.0,5.999999999999999
6364,15390.0,7.758825763517686
6365,10041.0,6.000000000000001
6366,4203.0,6.0
6367,3833.0,6.000000000000001
6368,62098.0,5.8735098289089285
6369,19329.0,13.240403247814747
6370,1987317.0,13.895629029958057
6371,31171.0,10.052185485020972
